index,reactant,reagent,product,catalyst,ethanol_sty,time_h,temperature_c,pressure_bar,h2_co_ratio,ghsv_h-1,catalyst_components_count,catalyst_primary_loading_wt,source_dataset,styha_g_h_gcat,ha_c2_fraction,co_conversion,selectivity_co2,selectivity_ch4,selectivity_meoh,selectivity_ha,xrf_zr,xrf_cu,xrf_co,xrf_fe
phase_1_seed-row001-exp1,[C-]#[O+],[H][H],CCO,[Fe].[Fe].[Fe].[Fe].[Fe].[Fe].[Fe].[Fe].[Fe].[Fe].[Fe].[Fe].[Fe].[Fe].[Fe].[Fe].[Fe].[Zr].[Zr].[Zr],0.009417972317104452,1.0,260.0,50.0,2.0,24000.0,2,87.1,zenodo_11639494_phase_1_seed,0.2366820034200716,0.039791670600274165,0.46512289917266414,0.21707326486314965,0.1425130925577507,0.025158795874169484,0.07168641977038272,0.129,0.0,0.0,0.871
phase_1_seed-row002-exp2,[C-]#[O+],[H][H],CCO,[Fe].[Fe].[Fe].[Fe].[Fe].[Fe].[Fe].[Fe].[Fe].[Fe].[Fe].[Fe].[Fe].[Fe].[Co].[Co].[Co].[Co].[Zr].[Zr].[Zr],0.023800036243200057,1.0,260.0,50.0,2.0,24000.0,3,68.0,zenodo_11639494_phase_1_seed,0.2940408047874803,0.08094127024445356,0.3035831488304696,0.13112845703679238,0.22839830301643882,0.06551467963281178,0.13762070869021426,0.135,0.0,0.185,0.68
phase_1_seed-row003-exp3,[C-]#[O+],[H][H],CCO,[Fe].[Fe].[Fe].[Fe].[Fe].[Fe].[Fe].[Fe].[Fe].[Fe].[Fe].[Co].[Co].[Co].[Co].[Co].[Co].[Zr].[Zr],0.017685471415869233,1.0,260.0,50.0,2.0,24000.0,3,56.99999999999999,zenodo_11639494_phase_1_seed,0.28127355937373655,0.06287640919838478,0.34730427870883607,0.15215544223003666,0.19526116311411013,0.04534683948831611,0.12181121124498702,0.115,0.0,0.315,0.57
phase_1_seed-row004-exp4,[C-]#[O+],[H][H],CCO,[Fe].[Fe].[Fe].[Fe].[Fe].[Fe].[Fe].[Fe].[Co].[Co].[Co].[Co].[Co].[Co].[Co].[Co].[Co].[Zr].[Zr],0.009959934834701816,1.0,260.0,50.0,2.0,24000.0,3,46.0,zenodo_11639494_phase_1_seed,0.24332140161990348,0.04093324618547283,0.35606927928497506,0.13575410090040285,0.1682291931683377,0.0260485604721169,0.10614182277006022,0.11699999999999999,0.0,0.46,0.423
phase_1_seed-row005-exp5,[C-]#[O+],[H][H],CCO,[Fe].[Fe].[Fe].[Fe].[Fe].[Co].[Co].[Co].[Co].[Co].[Co].[Co].[Co].[Co].[Co].[Co].[Co].[Zr].[Zr],0.0024660839965192738,1.0,260.0,50.0,2.0,24000.0,3,60.699999999999996,zenodo_11639494_phase_1_seed,0.16181533278778681,0.015240113245346326,0.6805278060687262,0.10534487918466517,0.16565883141158463,0.008917994245797221,0.038627528670577116,0.125,0.0,0.607,0.268
phase_1_seed-row006-exp6,[C-]#[O+],[H][H],CCO,[Fe].[Fe].[Fe].[Co].[Co].[Co].[Co].[Co].[Co].[Co].[Co].[Co].[Co].[Co].[Co].[Co].[Co].[Zr].[Zr].[Zr],0.001159086925436354,1.0,260.0,50.0,2.0,24000.0,3,71.1,zenodo_11639494_phase_1_seed,0.09986313117422067,0.011606755284031876,0.6994203357935822,0.1511352710241317,0.25139329526153104,0.005105751918190274,0.023584630274555318,0.127,0.0,0.711,0.162
phase_1_seed-row007-exp7,[C-]#[O+],[H][H],CCO,[Cu].[Cu].[Cu].[Cu].[Cu].[Cu].[Cu].[Cu].[Cu].[Cu].[Cu].[Cu].[Cu].[Cu].[Cu].[Cu].[Cu].[Cu].[Zr].[Zr],0.0,1.0,260.0,50.0,2.0,24000.0,2,89.1,zenodo_11639494_phase_1_seed,0.0,0.0,0.002140610876882517,0.06272838590373027,0.35918800341148677,0.547922396567241,0.0,0.109,0.8909999999999999,0.0,0.0
phase_1_seed-row008-exp8,[C-]#[O+],[H][H],CCO,[Fe].[Fe].[Fe].[Cu].[Cu].[Cu].[Cu].[Cu].[Cu].[Cu].[Cu].[Cu].[Cu].[Cu].[Cu].[Cu].[Cu].[Zr].[Zr].[Zr],0.004938019320883018,1.0,260.0,50.0,2.0,24000.0,3,70.0,zenodo_11639494_phase_1_seed,0.08644202156662847,0.05712521793670516,0.10326930061743955,0.15360298423140617,0.25268400973430977,0.10068090272198033,0.09204719438163912,0.132,0.7,0.0,0.168
phase_1_seed-row009-exp9,[C-]#[O+],[H][H],CCO,[Fe].[Fe].[Fe].[Fe].[Fe].[Fe].[Cu].[Cu].[Cu].[Cu].[Cu].[Cu].[Cu].[Cu].[Cu].[Cu].[Cu].[Cu].[Zr].[Zr],0.007179856070588248,1.0,260.0,50.0,2.0,24000.0,3,59.599999999999994,zenodo_11639494_phase_1_seed,0.13409232664932794,0.053544123291742685,0.18365361789501666,0.15250751338723925,0.22154667711512394,0.07158532789057144,0.08895181568205109,0.113,0.596,0.0,0.29100000000000004
phase_1_seed-row010-exp10,[C-]#[O+],[H][H],CCO,[Fe].[Fe].[Fe].[Fe].[Fe].[Fe].[Fe].[Fe].[Fe].[Cu].[Cu].[Cu].[Cu].[Cu].[Cu].[Cu].[Cu].[Cu].[Zr].[Zr],0.009775577885952643,1.0,260.0,50.0,2.0,24000.0,3,44.6,zenodo_11639494_phase_1_seed,0.21004887288597224,0.04653953983013964,0.34218126756069134,0.24310142411824406,0.16324171385407357,0.04532144703499049,0.08282386171476584,0.12300000000000001,0.431,0.0,0.446
phase_1_seed-row011-exp11,[C-]#[O+],[H][H],CCO,[Fe].[Fe].[Fe].[Fe].[Fe].[Fe].[Fe].[Fe].[Fe].[Fe].[Fe].[Cu].[Cu].[Cu].[Cu].[Cu].[Cu].[Cu].[Zr].[Zr],0.015040460127116016,1.0,260.0,50.0,2.0,24000.0,3,54.400000000000006,zenodo_11639494_phase_1_seed,0.2999908967629938,0.050136388435141926,0.4756509211909572,0.23570723730730953,0.15431310934393844,0.04606646059126561,0.09086708513758862,0.124,0.332,0.0,0.544
phase_1_seed-row012-exp12,[C-]#[O+],[H][H],CCO,[Fe].[Fe].[Fe].[Fe].[Fe].[Fe].[Fe].[Fe].[Fe].[Fe].[Fe].[Fe].[Fe].[Fe].[Cu].[Cu].[Cu].[Zr].[Zr],0.013543971250322084,1.0,260.0,50.0,2.0,24000.0,3,71.7,zenodo_11639494_phase_1_seed,0.3099237243048234,0.04370098249400553,0.552869756182372,0.24323352266962037,0.14715461003952354,0.042388487169464584,0.08211915768531076,0.11900000000000001,0.16399999999999998,0.0,0.7170000000000001
phase_1_seed-row013-exp13,[C-]#[O+],[H][H],CCO,[Co].[Co].[Co].[Co].[Co].[Co].[Co].[Co].[Co].[Co].[Co].[Co].[Co].[Co].[Co].[Co].[Co].[Zr].[Zr].[Zr],0.0,1.0,260.0,50.0,2.0,24000.0,2,85.1,zenodo_11639494_phase_1_seed,0.0,0.0,0.9292598428935858,0.20360679142749563,0.2871370448630831,0.0,0.0,0.149,0.0,0.851,0.0
phase_1_seed-row014-exp14,[C-]#[O+],[H][H],CCO,[Co].[Co].[Co].[Co].[Co].[Co].[Co].[Co].[Co].[Co].[Co].[Co].[Co].[Co].[Cu].[Cu].[Cu].[Cu].[Zr].[Zr],0.0049335534118598,1.0,260.0,50.0,2.0,24000.0,3,70.0,zenodo_11639494_phase_1_seed,0.09025706687477954,0.05466113161758837,0.10772948768543308,0.014021174078706898,0.4160031029918126,0.0418104708584409,0.0945770399221841,0.122,0.17800000000000002,0.7,0.0
phase_1_seed-row015-exp15,[C-]#[O+],[H][H],CCO,[Co].[Co].[Co].[Co].[Co].[Co].[Co].[Co].[Co].[Co].[Co].[Cu].[Cu].[Cu].[Cu].[Cu].[Cu].[Zr].[Zr],0.004213970829927051,1.0,260.0,50.0,2.0,24000.0,3,57.4,zenodo_11639494_phase_1_seed,0.08679755433449977,0.04854941895813424,0.127249106320723,0.026435153697167445,0.36080127606762097,0.029696777983919412,0.0829916329242193,0.121,0.305,0.574,0.0
phase_1_seed-row016-exp16,[C-]#[O+],[H][H],CCO,[Co].[Co].[Co].[Co].[Co].[Co].[Co].[Co].[Co].[Cu].[Cu].[Cu].[Cu].[Cu].[Cu].[Cu].[Cu].[Cu].[Zr].[Zr],0.003670476174036408,1.0,260.0,50.0,2.0,24000.0,3,45.8,zenodo_11639494_phase_1_seed,0.09152955995375728,0.04010153851816629,0.1545339023637053,0.0417037927345316,0.3042350769795664,0.022358411458615387,0.07308248119914268,0.10400000000000001,0.45799999999999996,0.43799999999999994,0.0
phase_1_seed-row017-exp17,[C-]#[O+],[H][H],CCO,[Co].[Co].[Co].[Co].[Co].[Cu].[Cu].[Cu].[Cu].[Cu].[Cu].[Cu].[Cu].[Cu].[Cu].[Cu].[Cu].[Zr].[Zr],0.0038002404164222837,1.0,260.0,50.0,2.0,24000.0,3,61.7,zenodo_11639494_phase_1_seed,0.08263765947277066,0.04598678666201181,0.1269291892551781,0.026235350860207122,0.3182709661729719,0.023195643955740013,0.08018548644466372,0.11800000000000001,0.617,0.265,0.0
phase_1_seed-row018-exp18,[C-]#[O+],[H][H],CCO,[Co].[Co].[Co].[Cu].[Cu].[Cu].[Cu].[Cu].[Cu].[Cu].[Cu].[Cu].[Cu].[Cu].[Cu].[Cu].[Cu].[Zr].[Zr],0.003957848976348999,1.0,260.0,50.0,2.0,24000.0,3,71.1,zenodo_11639494_phase_1_seed,0.08336841659880466,0.047474201116178415,0.10489081753209377,0.030917723940465314,0.28395223033692707,0.019068537349433656,0.08709341487158243,0.11699999999999999,0.711,0.172,0.0
phase_1_seed-row019-exp19,[C-]#[O+],[H][H],CCO,[Fe].[Fe].[Fe].[Fe].[Fe].[Fe].[Fe].[Fe].[Fe].[Fe].[Fe].[Fe].[Fe].[Fe].[Fe].[Fe].[Co].[Co].[Zr].[Zr],0.025219049057229263,1.0,260.0,50.0,2.0,24000.0,3,78.4,zenodo_11639494_phase_1_seed,0.3242487277204361,0.07777686356559235,0.3618577969302045,0.14710969074648003,0.20879499613753408,0.06758030697371938,0.13270017219287666,0.114,0.0,0.102,0.784
phase_1_seed-row020-exp20,[C-]#[O+],[H][H],CCO,[Fe].[Fe].[Fe].[Fe].[Fe].[Fe].[Fe].[Fe].[Fe].[Fe].[Fe].[Fe].[Fe].[Fe].[Fe].[Fe].[Zr].[Zr].[Zr].[Zr],0.011419083222434671,1.0,260.0,50.0,2.0,24000.0,2,81.3,zenodo_11639494_phase_1_seed,0.21890407233120288,0.052164782047350616,0.33939242252019214,0.16883858096404636,0.15640509006160097,0.03891921568075986,0.09220001798407164,0.187,0.0,0.0,0.813
phase_1_seed-row021-exp21,[C-]#[O+],[H][H],CCO,[Co].[Co].[Co].[Co].[Co].[Co].[Co].[Co].[Co].[Co].[Cu].[Cu].[Cu].[Cu].[Cu].[Cu].[Cu].[Cu].[Cu].[Zr],0.0031551483968644085,1.0,260.0,50.0,2.0,24000.0,3,48.5,zenodo_11639494_phase_1_seed,0.06357624114364052,0.049627790824183,0.08248368447762537,0.030699136764842278,0.360946357022617,0.03760866774662988,0.08231306121020582,0.064,0.451,0.485,0.0
phase_1_seed-row022-exp22,[C-]#[O+],[H][H],CCO,[Co].[Co].[Co].[Co].[Co].[Co].[Co].[Co].[Co].[Cu].[Cu].[Cu].[Cu].[Cu].[Cu].[Cu].[Cu].[Zr].[Zr].[Zr].[Zr],0.006127766730801117,1.0,260.0,50.0,2.0,24000.0,3,42.6,zenodo_11639494_phase_1_seed,0.1405669873467544,0.04359321378699665,0.20470268211229087,0.032703762263970454,0.2779698267657916,0.016701610661775106,0.08689867742030932,0.179,0.395,0.426,0.0
phase_1_seed-row023-exp23,[C-]#[O+],[H][H],CCO,[Co].[Co].[Co].[Co].[Co].[Co].[Cu].[Cu].[Cu].[Cu].[Cu].[Cu].[Zr].[Zr].[Zr].[Zr].[Zr].[Zr].[Zr].[Zr],0.003602390515241766,1.0,260.0,50.0,2.0,24000.0,3,38.5,zenodo_11639494_phase_1_seed,0.07158093013147002,0.05032612049920824,0.0850855107839275,0.042744674384688916,0.323244658924087,0.021384593788125378,0.08540600114349405,0.385,0.305,0.31,0.0
phase_1_seed-row024-exp24,[C-]#[O+],[H][H],CCO,[Fe].[Fe].[Fe].[Fe].[Fe].[Fe].[Fe].[Fe].[Fe].[Fe].[Fe].[Fe].[Fe].[Fe].[Cu].[Cu].[Cu].[Cu].[Cu].[Cu],0.007127317467509379,1.0,260.0,50.0,2.0,24000.0,2,67.8,zenodo_11639494_phase_1_seed,0.1615477887510525,0.04411894166185511,0.2621662188169074,0.1352379966320295,0.18357712572824184,0.034404805306043916,0.08144741359186868,0.0,0.322,0.0,0.6779999999999999
phase_1_seed-row025-exp25,[C-]#[O+],[H][H],CCO,[Fe].[Fe].[Fe].[Fe].[Fe].[Fe].[Fe].[Fe].[Fe].[Fe].[Fe].[Fe].[Fe].[Cu].[Cu].[Cu].[Cu].[Cu].[Cu].[Zr],0.010280980001741769,1.0,260.0,50.0,2.0,24000.0,3,63.800000000000004,zenodo_11639494_phase_1_seed,0.23970246873751708,0.042890588719800865,0.43297085054511725,0.2296962593915322,0.16083345764825774,0.04032824711293165,0.07378034066248247,0.063,0.299,0.0,0.638
phase_1_seed-row026-exp26,[C-]#[O+],[H][H],CCO,[Fe].[Fe].[Fe].[Fe].[Fe].[Fe].[Fe].[Fe].[Fe].[Fe].[Fe].[Cu].[Cu].[Cu].[Cu].[Cu].[Zr].[Zr].[Zr].[Zr],0.014817152993205001,1.0,260.0,50.0,2.0,24000.0,3,56.99999999999999,zenodo_11639494_phase_1_seed,0.2384227497224196,0.06214655694750466,0.2918667089263824,0.17053944641809368,0.18367918828441426,0.07343030182883042,0.11072096285917518,0.183,0.247,0.0,0.57
phase_1_seed-row027-exp27,[C-]#[O+],[H][H],CCO,[Fe].[Fe].[Fe].[Fe].[Fe].[Fe].[Fe].[Fe].[Fe].[Fe].[Fe].[Fe].[Fe].[Fe].[Fe].[Fe].[Co].[Co].[Co].[Co],0.01998937472232723,1.0,260.0,50.0,2.0,24000.0,2,78.0,zenodo_11639494_phase_1_seed,0.2548907766318657,0.07842329560318903,0.2647944446633721,0.11158362651417486,0.2542838163530375,0.06765787820088467,0.1317358195965692,0.0,0.0,0.22,0.78
phase_1_seed-row028-exp28,[C-]#[O+],[H][H],CCO,[Fe].[Fe].[Fe].[Fe].[Fe].[Fe].[Fe].[Fe].[Fe].[Fe].[Fe].[Fe].[Fe].[Fe].[Fe].[Co].[Co].[Co].[Co].[Zr],0.02047827617714671,1.0,260.0,50.0,2.0,24000.0,3,74.2,zenodo_11639494_phase_1_seed,0.3041573051467388,0.06732791167802823,0.3535943171169814,0.17431284411878814,0.22524859745749462,0.055909072907783304,0.11915280732970099,0.057999999999999996,0.0,0.2,0.742
phase_1_seed-row029-exp29,[C-]#[O+],[H][H],CCO,[Fe].[Fe].[Fe].[Fe].[Fe].[Fe].[Fe].[Fe].[Fe].[Fe].[Fe].[Fe].[Co].[Co].[Co].[Co].[Zr].[Zr].[Zr].[Zr],0.02301900254073349,1.0,260.0,50.0,2.0,24000.0,3,62.1,zenodo_11639494_phase_1_seed,0.3214936044485533,0.07160018806662477,0.3714265350614446,0.1600577671093221,0.2053270438920459,0.058436671800745944,0.12665877192212932,0.20199999999999999,0.0,0.177,0.621
phase_1_seed-row030-exp30,[C-]#[O+],[H][H],CCO,[Fe].[Fe].[Fe].[Fe].[Fe].[Fe].[Fe].[Fe].[Fe].[Co].[Co].[Zr].[Zr].[Zr].[Zr].[Zr].[Zr].[Zr].[Zr].[Zr],0.010294173838220093,1.0,260.0,50.0,2.0,24000.0,3,44.2,zenodo_11639494_phase_1_seed,0.12169991165283944,0.08458653501397109,0.0837085410097425,0.08778545951055368,0.2707117318042231,0.09042412639579543,0.1425774169427494,0.43799999999999994,0.0,0.12,0.442
phase_1_seed-row031-exp31,[C-]#[O+],[H][H],CCO,[Fe].[Fe].[Fe].[Fe].[Fe].[Fe].[Fe].[Fe].[Cu].[Cu].[Cu].[Cu].[Zr].[Zr].[Zr].[Zr].[Zr].[Zr].[Zr].[Zr],0.0027580871746108867,1.0,260.0,50.0,2.0,24000.0,3,41.4,zenodo_11639494_phase_1_seed,0.06403755229699301,0.043069840674413114,0.10732005298778047,0.11653650762926317,0.23607418991633025,0.08280329437488518,0.07249446673919806,0.384,0.20199999999999999,0.0,0.414
phase_1-row001-exp1,[C-]#[O+],[H][H],CCO,[Fe].[Fe].[Fe].[Fe].[Co].[Co].[Co].[Co].[Cu].[Cu].[Cu].[Cu].[Cu].[Cu].[Cu].[Cu].[Cu].[Cu].[Zr].[Zr],0.012637674686273583,1.0,260.0,50.0,2.0,24000.0,4,47.8,zenodo_11639494_phase_1,0.15855596283119844,0.07970482131742898,0.13059392500003866,0.08069143660472003,0.25948468922522105,0.07839410941464803,0.14491562718411125,0.101,0.478,0.213,0.208
phase_1-row002-exp2,[C-]#[O+],[H][H],CCO,[Fe].[Fe].[Fe].[Fe].[Co].[Co].[Co].[Co].[Co].[Co].[Co].[Co].[Co].[Co].[Cu].[Cu].[Cu].[Cu].[Zr].[Zr],0.010420837442887005,1.0,260.0,50.0,2.0,24000.0,4,48.0,zenodo_11639494_phase_1,0.22011616108104373,0.047342445878157016,0.23773320737798448,0.05702284119324265,0.17853230342283444,0.02011849931932332,0.10755215871381803,0.101,0.202,0.48,0.217
phase_1-row003-exp3,[C-]#[O+],[H][H],CCO,[Fe].[Fe].[Fe].[Fe].[Fe].[Fe].[Fe].[Co].[Co].[Cu].[Cu].[Cu].[Cu].[Cu].[Cu].[Cu].[Cu].[Zr].[Zr],0.022878602974297592,1.0,260.0,50.0,2.0,24000.0,4,42.1,zenodo_11639494_phase_1,0.24250257903850259,0.09434375116754991,0.16578646805162045,0.10058352403465312,0.2538907248413421,0.08549448999787115,0.15790146088842394,0.117,0.421,0.104,0.36
phase_1-row004-exp4,[C-]#[O+],[H][H],CCO,[Fe].[Fe].[Fe].[Fe].[Fe].[Fe].[Fe].[Fe].[Fe].[Co].[Co].[Co].[Co].[Co].[Cu].[Cu].[Cu].[Cu].[Zr].[Zr],0.021982762063089467,1.0,260.0,50.0,2.0,24000.0,4,46.5,zenodo_11639494_phase_1,0.2702142025438387,0.08135309638109436,0.19507410043329015,0.10942026051166523,0.22273574547411956,0.06364926081516928,0.15257624643593493,0.0966,0.201,0.23,0.465
phase_1-row005-exp5,[C-]#[O+],[H][H],CCO,[Fe].[Fe].[Fe].[Fe].[Fe].[Fe].[Fe].[Co].[Co].[Co].[Co].[Co].[Co].[Co].[Co].[Cu].[Cu].[Zr].[Zr].[Zr],0.023133695730584294,1.0,260.0,50.0,2.0,24000.0,4,40.1,zenodo_11639494_phase_1,0.2785895707416114,0.08303862800391953,0.18969652251477537,0.10098820457384863,0.23161743811828586,0.053324574666088496,0.16475771556327434,0.128,0.112,0.401,0.359
phase_1-row006-exp6,[C-]#[O+],[H][H],CCO,[Fe].[Fe].[Fe].[Fe].[Fe].[Fe].[Fe].[Fe].[Fe].[Fe].[Fe].[Fe].[Co].[Co].[Co].[Cu].[Cu].[Zr].[Zr].[Zr],0.02690523925232553,1.0,260.0,50.0,2.0,24000.0,4,60.5,zenodo_11639494_phase_1,0.30480002790965455,0.08827177424111156,0.2771109728252298,0.14268776744101472,0.2304716401761996,0.07746547816370034,0.1476261679973892,0.128,0.107,0.161,0.605
phase_1-row007-exp1,[C-]#[O+],[H][H],CCO,[Fe].[Fe].[Fe].[Fe].[Fe].[Co].[Cu].[Zr].[Zr].[Zr].[Zr].[Zr].[Zr].[Zr].[Zr].[Zr].[Zr].[Zr].[Zr],0.004098912314113585,1.0,260.0,50.0,2.0,24000.0,4,62.38071000000001,zenodo_11639494_phase_1,0.04452930185657623,0.09204977718527255,0.0855924164369699,0.13494716222060665,0.2825510518599287,0.07652868596210205,0.12421106407881996,0.6238071000000001,0.05240792000000001,0.05435974,0.26942525
phase_1-row008-exp2,[C-]#[O+],[H][H],CCO,[Fe].[Fe].[Fe].[Fe].[Fe].[Co].[Co].[Co].[Co].[Co].[Co].[Co].[Cu].[Cu].[Cu].[Cu].[Cu].[Cu].[Cu].[Zr],0.004501406388690232,1.0,260.0,50.0,2.0,24000.0,4,35.663415,zenodo_11639494_phase_1,0.074679921716266,0.060275992331547706,0.1002394672422019,0.06007135704253429,0.2618177277119824,0.04433392265514731,0.10960474897210727,0.051380669999999996,0.35058025,0.35663415,0.2414049
phase_1-row009-exp3,[C-]#[O+],[H][H],CCO,[Fe].[Fe].[Fe].[Fe].[Fe].[Fe].[Co].[Co].[Co].[Co].[Cu].[Cu].[Cu].[Cu].[Cu].[Zr].[Zr].[Zr].[Zr].[Zr],0.009811894676031234,1.0,260.0,50.0,2.0,24000.0,4,27.919005,zenodo_11639494_phase_1,0.12307537267381474,0.0797226485109705,0.11133241080594075,0.12660613465521048,0.2449107798475112,0.0740674997964478,0.13876051545231935,0.24378215,0.26560795,0.21141985,0.27919004999999997
phase_1-row010-exp4,[C-]#[O+],[H][H],CCO,[Fe].[Fe].[Fe].[Fe].[Fe].[Fe].[Fe].[Co].[Co].[Co].[Co].[Co].[Co].[Co].[Cu].[Zr].[Zr].[Zr].[Zr].[Zr].[Zr],0.013378224177811312,1.0,260.0,50.0,2.0,24000.0,4,34.318664999999996,zenodo_11639494_phase_1,0.17646448811736998,0.07581255764566747,0.18674499904647832,0.11666194059203211,0.1900963043344051,0.038393053247589015,0.14425210774315553,0.2785053,0.05017676,0.34318665,0.32813119999999996
phase_1-row011-exp5,[C-]#[O+],[H][H],CCO,[Fe].[Fe].[Fe].[Fe].[Fe].[Fe].[Fe].[Fe].[Fe].[Fe].[Fe].[Fe].[Co].[Co].[Co].[Co].[Cu].[Zr].[Zr].[Zr],0.026614344366458213,1.0,260.0,50.0,2.0,24000.0,4,59.68357000000001,zenodo_11639494_phase_1,0.3155018746110769,0.08435558235356302,0.28375493711452915,0.15139623734836744,0.22435144394694037,0.06462834032999792,0.1437313348814988,0.14581465000000002,0.07431673500000001,0.183033,0.5968357000000001
phase_1-row012-exp6,[C-]#[O+],[H][H],CCO,[Fe].[Fe].[Fe].[Fe].[Fe].[Fe].[Fe].[Fe].[Fe].[Fe].[Fe].[Fe].[Co].[Co].[Co].[Co].[Cu].[Cu].[Zr].[Zr],0.028001302460081666,1.0,260.0,50.0,2.0,24000.0,4,60.509119999999996,zenodo_11639494_phase_1,0.3419680378369035,0.08188280588209962,0.32758462317538717,0.130470956390358,0.22915676253214523,0.06531543772920137,0.14211620076225637,0.081680375,0.099045755,0.2141827,0.6050911999999999
phase_1-row013-exp1,[C-]#[O+],[H][H],CCO,[Fe].[Co].[Cu].[Zr].[Zr].[Zr].[Zr].[Zr].[Zr].[Zr].[Zr].[Zr].[Zr].[Zr].[Zr].[Zr].[Zr].[Zr].[Zr].[Zr],0.0008453821841182838,1.0,260.0,50.0,2.0,24000.0,4,84.60363000000001,zenodo_11639494_phase_1,0.01355261567800404,0.06237778774250517,0.010281965296815515,0.12480480110372627,0.3861207456462165,0.04605904663918427,0.07396177262399559,0.8460363000000001,0.05599201499999999,0.04950895,0.048462725
phase_1-row014-exp2,[C-]#[O+],[H][H],CCO,[Fe].[Co].[Cu].[Cu].[Cu].[Cu].[Cu].[Cu].[Cu].[Cu].[Zr].[Zr].[Zr].[Zr].[Zr].[Zr].[Zr].[Zr].[Zr].[Zr],0.0009309876634804376,1.0,260.0,50.0,2.0,24000.0,4,49.922045,zenodo_11639494_phase_1,0.018942365959237036,0.04914843612903866,0.025030355556157194,0.08511994452843417,0.34090711683567554,0.07258816021531539,0.067183586813881,0.49922045,0.3941896,0.05458767,0.052002305
phase_1-row015-exp3,[C-]#[O+],[H][H],CCO,[Fe].[Co].[Co].[Co].[Co].[Co].[Co].[Co].[Co].[Cu].[Zr].[Zr].[Zr].[Zr].[Zr].[Zr].[Zr].[Zr].[Zr].[Zr],0.00856537066571897,1.0,260.0,50.0,2.0,24000.0,4,51.380534999999995,zenodo_11639494_phase_1,0.10460860101807447,0.08188017603102282,0.13270820139984504,0.05717384388827111,0.31611528537402317,0.038320862351013986,0.11593527423146303,0.5138053499999999,0.050839964999999994,0.38292725000000005,0.05242746
phase_1-row016-exp4,[C-]#[O+],[H][H],CCO,[Fe].[Fe].[Fe].[Fe].[Fe].[Fe].[Fe].[Fe].[Fe].[Fe].[Fe].[Fe].[Fe].[Fe].[Co].[Co].[Co].[Cu].[Zr].[Zr],0.0269945180527727,1.0,260.0,50.0,2.0,24000.0,4,70.734575,zenodo_11639494_phase_1,0.3405852621723437,0.07925920775489363,0.3626642948666474,0.1624434906832675,0.2427384604301974,0.07535575999401016,0.13008508326222504,0.1077496,0.0559162,0.1289884,0.7073457500000001
phase_1-row017-exp5,[C-]#[O+],[H][H],CCO,[Fe].[Fe].[Fe].[Fe].[Fe].[Fe].[Fe].[Fe].[Fe].[Fe].[Fe].[Fe].[Fe].[Fe].[Fe].[Fe].[Co].[Cu].[Zr].[Zr],0.024830713187735748,1.0,260.0,50.0,2.0,24000.0,4,80.66597999999999,zenodo_11639494_phase_1,0.3432874573061778,0.0723321305782205,0.4230440138558571,0.19932853135304027,0.20026082671806508,0.05648208271314866,0.11234242716728474,0.07538944,0.057397515,0.06055321,0.8066597999999999
phase_1-row018-exp6,[C-]#[O+],[H][H],CCO,[Fe].[Fe].[Fe].[Fe].[Fe].[Fe].[Fe].[Fe].[Fe].[Fe].[Fe].[Fe].[Fe].[Fe].[Co].[Co].[Cu].[Cu].[Zr].[Zr],0.030581695339576855,1.0,260.0,50.0,2.0,24000.0,4,68.67554999999999,zenodo_11639494_phase_1,0.38762267229689273,0.07889552785538134,0.4480194232485037,0.1919216928583289,0.2246240776073185,0.0641285673382782,0.12256051994420344,0.09425107,0.10231284500000001,0.11668064999999998,0.6867554999999999
phase_1-row019-exp1,[C-]#[O+],[H][H],CCO,[Fe].[Fe].[Fe].[Fe].[Co].[Cu].[Cu].[Cu].[Cu].[Cu].[Cu].[Cu].[Cu].[Cu].[Zr].[Zr].[Zr].[Zr].[Zr].[Zr],0.0038281320837995733,1.0,260.0,50.0,2.0,24000.0,4,43.98264,zenodo_11639494_phase_1,0.05612540337224067,0.0682067629591941,0.1008007809760113,0.1344375933183645,0.2631101561111888,0.09805823406695008,0.09572421687958438,0.28283585,0.43982640000000006,0.056604695,0.22073305000000001
phase_1-row020-exp2,[C-]#[O+],[H][H],CCO,[Fe].[Fe].[Fe].[Fe].[Fe].[Fe].[Fe].[Co].[Cu].[Zr].[Zr].[Zr].[Zr].[Zr].[Zr].[Zr].[Zr].[Zr].[Zr].[Zr],0.005266819726124957,1.0,260.0,50.0,2.0,24000.0,4,53.13673,zenodo_11639494_phase_1,0.06026345884405077,0.08739657210440549,0.05793839989028777,0.06248853378420038,0.29820434081819364,0.06877336428880215,0.1310778119126591,0.5313673,0.051249715,0.056565455,0.36081755
phase_1-row021-exp3,[C-]#[O+],[H][H],CCO,[Fe].[Fe].[Fe].[Fe].[Fe].[Fe].[Fe].[Fe].[Fe].[Fe].[Fe].[Co].[Co].[Co].[Cu].[Cu].[Cu].[Zr].[Zr],0.019461895404678207,1.0,260.0,50.0,2.0,24000.0,4,56.66942,zenodo_11639494_phase_1,0.261245757516714,0.0744965031764509,0.3027220631631161,0.1491472538707176,0.2418607350545526,0.06711404472176903,0.12336099547470966,0.10739945,0.16918714999999998,0.1567192,0.5666942
phase_1-row022-exp4,[C-]#[O+],[H][H],CCO,[Fe].[Fe].[Fe].[Fe].[Fe].[Fe].[Fe].[Fe].[Fe].[Fe].[Fe].[Fe].[Fe].[Co].[Co].[Co].[Co].[Cu].[Zr].[Zr],0.024183284735195397,1.0,260.0,50.0,2.0,24000.0,4,65.135495,zenodo_11639494_phase_1,0.2998882853915246,0.08064097836840298,0.32418321849449855,0.16265936504156261,0.23055429907051428,0.06317212139579882,0.12896417523311485,0.1098723,0.049332895,0.1894398,0.6513549500000001
phase_1-row023-exp5,[C-]#[O+],[H][H],CCO,[Fe].[Fe].[Fe].[Fe].[Fe].[Fe].[Fe].[Fe].[Fe].[Fe].[Fe].[Fe].[Fe].[Fe].[Fe].[Co].[Cu].[Cu].[Zr].[Zr],0.021206032561029264,1.0,260.0,50.0,2.0,24000.0,4,76.65126000000001,zenodo_11639494_phase_1,0.34073137901634165,0.06223680549249388,0.455143502433778,0.22751537566541477,0.19628431551826553,0.05017860071520878,0.10540455526743679,0.08549732,0.085033005,0.062957125,0.7665126000000001
phase_1-row024-exp6,[C-]#[O+],[H][H],CCO,[Fe].[Fe].[Fe].[Fe].[Fe].[Fe].[Fe].[Fe].[Fe].[Fe].[Fe].[Fe].[Fe].[Fe].[Co].[Co].[Cu].[Cu].[Zr].[Zr],0.02892895010527333,1.0,260.0,50.0,2.0,24000.0,4,71.03198499999999,zenodo_11639494_phase_1,0.37752678163400016,0.07662754409121364,0.4286866308684382,0.18439803232726795,0.21643632226289847,0.0673113211811267,0.1265093008915032,0.08970691500000001,0.11350495000000001,0.08646828,0.7103198499999999
phase_1-row025-exp1,[C-]#[O+],[H][H],CCO,[Fe].[Co].[Co].[Co].[Co].[Co].[Cu].[Cu].[Cu].[Cu].[Cu].[Cu].[Cu].[Cu].[Cu].[Zr].[Zr].[Zr].[Zr],0.009139269559339098,1.0,260.0,50.0,2.0,24000.0,4,47.238295,zenodo_11639494_phase_1,0.13698786896440612,0.06671590432371625,0.19993358991071156,0.0564690060534363,0.23967413216101457,0.024097384204015266,0.10932144402906366,0.2109297,0.47238295,0.26476885000000006,0.051918544999999997
phase_1-row026-exp2,[C-]#[O+],[H][H],CCO,[Fe].[Fe].[Fe].[Fe].[Fe].[Co].[Cu].[Cu].[Cu].[Cu].[Cu].[Cu].[Cu].[Cu].[Cu].[Cu].[Cu].[Cu].[Cu].[Zr],0.011581165409511164,1.0,260.0,50.0,2.0,24000.0,4,66.36796000000001,zenodo_11639494_phase_1,0.13724793729016987,0.08438134399809767,0.1459818455584988,0.08781833597492136,0.26386855155247435,0.09952989312009289,0.13506551252976728,0.04832175,0.6636796000000001,0.05534177,0.23265675000000002
phase_1-row027-exp3,[C-]#[O+],[H][H],CCO,[Fe].[Fe].[Fe].[Fe].[Fe].[Fe].[Fe].[Fe].[Co].[Co].[Co].[Cu].[Zr].[Zr].[Zr].[Zr].[Zr].[Zr].[Zr],0.015394653188093656,1.0,260.0,50.0,2.0,24000.0,4,42.412485000000004,zenodo_11639494_phase_1,0.17820184526042845,0.08638885397396161,0.17392790886693638,0.11434885922793868,0.23607569618147523,0.06653181113599911,0.14974224993698482,0.33965114999999996,0.06302302,0.17320095000000002,0.42412485000000005
phase_1-row028-exp4,[C-]#[O+],[H][H],CCO,[Fe].[Fe].[Fe].[Fe].[Fe].[Fe].[Fe].[Fe].[Fe].[Fe].[Fe].[Fe].[Fe].[Co].[Co].[Co].[Cu].[Cu].[Zr].[Zr],0.02690798904575542,1.0,260.0,50.0,2.0,24000.0,4,63.209145,zenodo_11639494_phase_1,0.3491712995563292,0.07706243061771048,0.3873761849519969,0.1899301443146174,0.22265397843295026,0.06004565903474146,0.12691085319662687,0.11097315,0.11673159999999999,0.1402038,0.63209145
phase_1-row029-exp5,[C-]#[O+],[H][H],CCO,[Fe].[Fe].[Fe].[Fe].[Fe].[Fe].[Fe].[Fe].[Fe].[Fe].[Fe].[Fe].[Fe].[Fe].[Fe].[Co].[Co].[Cu].[Zr].[Zr],0.02820778104570883,1.0,260.0,50.0,2.0,24000.0,4,73.70364000000001,zenodo_11639494_phase_1,0.3622713490248809,0.07786368179994138,0.3822154950616189,0.17003782934414916,0.2307806249436612,0.07249453100925418,0.13024814695025252,0.09492561999999999,0.053185140000000006,0.11485285,0.7370364
phase_1-row030-exp6,[C-]#[O+],[H][H],CCO,[Fe].[Fe].[Fe].[Fe].[Fe].[Fe].[Fe].[Fe].[Fe].[Fe].[Fe].[Fe].[Fe].[Fe].[Fe].[Co].[Cu].[Cu].[Cu].[Zr],0.02659114972540879,1.0,260.0,50.0,2.0,24000.0,4,74.6282,zenodo_11639494_phase_1,0.3764323017509085,0.07063992543074742,0.4498425955850551,0.1946402295939857,0.2026086094585176,0.06133396523377585,0.11928779973684737,0.06730457000000001,0.12612489999999998,0.06028857000000001,0.7462820000000001
phase_2_seed-row001-exp1,[C-]#[O+],[H][H],CCO,[Fe].[Fe].[Fe].[Fe].[Co].[Co].[Co].[Co].[Cu].[Cu].[Cu].[Cu].[Cu].[Cu].[Cu].[Cu].[Cu].[Cu].[Zr].[Zr],0.004403633035942177,1.0,250.0,50.0,1.5,30000.0,4,47.8,zenodo_11639494_phase_2_seed,0.06756913449896787,0.06517225754918383,0.06795368100745344,0.06408168259161252,0.2976961407436355,0.06299406802067566,0.11426542611578146,0.101,0.478,0.213,0.208
phase_2_seed-row002-exp2,[C-]#[O+],[H][H],CCO,[Fe].[Fe].[Fe].[Fe].[Co].[Co].[Co].[Co].[Cu].[Cu].[Cu].[Cu].[Cu].[Cu].[Cu].[Cu].[Cu].[Cu].[Zr].[Zr],0.009141420407281095,1.0,270.0,50.0,1.5,27000.0,4,47.8,zenodo_11639494_phase_2_seed,0.1499079427168119,0.06098022720884089,0.1354741145526184,0.09888779763868166,0.2397084582069048,0.0515660540131957,0.11412625249939885,0.101,0.478,0.213,0.208
phase_2_seed-row003-exp3,[C-]#[O+],[H][H],CCO,[Fe].[Fe].[Fe].[Fe].[Co].[Co].[Co].[Co].[Cu].[Cu].[Cu].[Cu].[Cu].[Cu].[Cu].[Cu].[Cu].[Cu].[Zr].[Zr],0.003757713729106809,1.0,240.0,50.0,3.0,42000.0,4,47.8,zenodo_11639494_phase_2_seed,0.05105011928519178,0.07360832416696855,0.0,0.05213472815274563,0.397108734394204,0.10895152969956479,0.10163597356083369,0.101,0.478,0.213,0.208
phase_2_seed-row004-exp4,[C-]#[O+],[H][H],CCO,[Fe].[Fe].[Fe].[Fe].[Co].[Co].[Co].[Co].[Cu].[Cu].[Cu].[Cu].[Cu].[Cu].[Cu].[Cu].[Cu].[Cu].[Zr].[Zr],0.009279367396395663,1.0,260.0,50.0,3.0,36000.0,4,47.8,zenodo_11639494_phase_2_seed,0.12591585322191737,0.07369498882751059,0.11097290241999334,0.06300108701255194,0.3440044468419001,0.09956096048499853,0.11512324150419612,0.101,0.478,0.213,0.208
phase_2_seed-row005-exp5,[C-]#[O+],[H][H],CCO,[Fe].[Fe].[Fe].[Fe].[Co].[Co].[Co].[Co].[Cu].[Cu].[Cu].[Cu].[Cu].[Cu].[Cu].[Cu].[Cu].[Cu].[Zr].[Zr],0.01086852505114978,1.0,280.0,50.0,2.5,24000.0,4,47.8,zenodo_11639494_phase_2_seed,0.1938340255968683,0.0560712961394812,0.31413675524480583,0.15298363381964936,0.2955622567149565,0.061125072286273646,0.09740462986092503,0.101,0.478,0.213,0.208
phase_2_seed-row006-exp6,[C-]#[O+],[H][H],CCO,[Fe].[Fe].[Fe].[Fe].[Fe].[Fe].[Fe].[Co].[Co].[Co].[Co].[Co].[Co].[Co].[Co].[Cu].[Cu].[Zr].[Zr].[Zr],0.00610661577606078,1.0,250.0,50.0,1.5,12000.0,4,40.1,zenodo_11639494_phase_2_seed,0.09430380943241125,0.06475470941009515,0.18183568103210565,0.1355428041697027,0.19521447624933766,0.03677933232345236,0.13523904111707735,0.128,0.112,0.401,0.359
phase_2_seed-row007-exp7,[C-]#[O+],[H][H],CCO,[Fe].[Fe].[Fe].[Fe].[Fe].[Fe].[Fe].[Co].[Co].[Co].[Co].[Co].[Co].[Co].[Co].[Cu].[Cu].[Zr].[Zr].[Zr],0.009565102565338478,1.0,260.0,50.0,1.5,18000.0,4,40.1,zenodo_11639494_phase_2_seed,0.16087635690417001,0.05945623551779065,0.19669240776396105,0.14947298241499643,0.19739220710500713,0.03244305289404438,0.12453695139931814,0.128,0.112,0.401,0.359
phase_2_seed-row008-exp8,[C-]#[O+],[H][H],CCO,[Fe].[Fe].[Fe].[Fe].[Fe].[Fe].[Fe].[Co].[Co].[Co].[Co].[Co].[Co].[Co].[Co].[Cu].[Cu].[Zr].[Zr].[Zr],0.007841620843542505,1.0,240.0,50.0,3.0,24000.0,4,40.1,zenodo_11639494_phase_2_seed,0.092817274283029,0.0844844982156117,0.07235523469077508,0.06381976243984411,0.3113050827490496,0.0840192665970747,0.14384813974013133,0.128,0.112,0.401,0.359
phase_2_seed-row009-exp9,[C-]#[O+],[H][H],CCO,[Fe].[Fe].[Fe].[Fe].[Fe].[Fe].[Fe].[Co].[Co].[Co].[Co].[Co].[Co].[Co].[Co].[Cu].[Cu].[Zr].[Zr].[Zr],0.014827279607657694,1.0,270.0,50.0,3.0,27000.0,4,40.1,zenodo_11639494_phase_2_seed,0.25440661221607963,0.05828181696419188,0.40365601103652404,0.15956109955475506,0.31094792683369366,0.05012906629550094,0.09992941996424545,0.128,0.112,0.401,0.359
phase_2_seed-row010-exp10,[C-]#[O+],[H][H],CCO,[Fe].[Fe].[Fe].[Fe].[Fe].[Fe].[Fe].[Co].[Co].[Co].[Co].[Co].[Co].[Co].[Co].[Cu].[Cu].[Zr].[Zr].[Zr],0.012082500792028732,1.0,280.0,50.0,2.5,24000.0,4,40.1,zenodo_11639494_phase_2_seed,0.27574331831009863,0.043817927723785684,0.5434573321094722,0.2239248889185312,0.2706698039815116,0.0313363215536265,0.07979248143543742,0.128,0.112,0.401,0.359
phase_2_seed-row011-exp11,[C-]#[O+],[H][H],CCO,[Fe].[Fe].[Fe].[Fe].[Fe].[Fe].[Fe].[Fe].[Fe].[Fe].[Fe].[Fe].[Co].[Co].[Co].[Co].[Cu].[Cu].[Zr].[Zr],0.011871413375717815,1.0,240.0,50.0,1.5,27000.0,4,60.509119999999996,zenodo_11639494_phase_2_seed,0.13256048649418628,0.08955469076555071,0.13756184108999034,0.07858606355716269,0.223694510364945,0.07416459490050477,0.14421223017468082,0.081680375,0.099045755,0.2141827,0.6050911999999999
phase_2_seed-row012-exp12,[C-]#[O+],[H][H],CCO,[Fe].[Fe].[Fe].[Fe].[Fe].[Fe].[Fe].[Fe].[Fe].[Fe].[Fe].[Fe].[Co].[Co].[Co].[Co].[Cu].[Cu].[Zr].[Zr],0.02818232755559108,1.0,270.0,50.0,1.5,30000.0,4,60.509119999999996,zenodo_11639494_phase_2_seed,0.4765197197567961,0.05914199641092429,0.4545665684441915,0.21859507337278117,0.2096651622632905,0.03798089021115098,0.10016242968695994,0.081680375,0.099045755,0.2141827,0.6050911999999999
phase_2_seed-row013-exp13,[C-]#[O+],[H][H],CCO,[Fe].[Fe].[Fe].[Fe].[Fe].[Fe].[Fe].[Fe].[Fe].[Fe].[Fe].[Fe].[Co].[Co].[Co].[Co].[Cu].[Cu].[Zr].[Zr],0.03782383920932723,1.0,250.0,50.0,3.0,36000.0,4,60.509119999999996,zenodo_11639494_phase_2_seed,0.38566753202438536,0.09807369319057863,0.30258528962558834,0.07773781271546838,0.3051940549188391,0.10954790545692225,0.1454118938396131,0.081680375,0.099045755,0.2141827,0.6050911999999999
phase_2_seed-row014-exp14,[C-]#[O+],[H][H],CCO,[Fe].[Fe].[Fe].[Fe].[Fe].[Fe].[Fe].[Fe].[Fe].[Fe].[Fe].[Fe].[Co].[Co].[Co].[Co].[Cu].[Cu].[Zr].[Zr],0.021986854314051184,1.0,260.0,50.0,3.0,18000.0,4,60.509119999999996,zenodo_11639494_phase_2_seed,0.32138835206596583,0.06841210695009359,0.7027895592882194,0.1823702669650551,0.27744868244363646,0.058294927638327915,0.10922678970665127,0.081680375,0.099045755,0.2141827,0.6050911999999999
phase_2_seed-row015-exp15,[C-]#[O+],[H][H],CCO,[Fe].[Fe].[Fe].[Fe].[Fe].[Fe].[Fe].[Fe].[Fe].[Fe].[Fe].[Fe].[Co].[Co].[Co].[Co].[Cu].[Cu].[Zr].[Zr],0.012418687575423363,1.0,280.0,50.0,2.5,24000.0,4,60.509119999999996,zenodo_11639494_phase_2_seed,0.3410954273628548,0.036408249947638416,0.9401085415546978,0.27604661040852446,0.25413064461867946,0.022278371960540194,0.05714057187048404,0.081680375,0.099045755,0.2141827,0.6050911999999999
phase_2_seed-row016-exp16,[C-]#[O+],[H][H],CCO,[Fe].[Fe].[Fe].[Fe].[Fe].[Fe].[Fe].[Fe].[Fe].[Fe].[Fe].[Fe].[Fe].[Fe].[Co].[Co].[Cu].[Cu].[Zr].[Zr],0.014990088954845084,1.0,240.0,50.0,1.5,36000.0,4,68.67554999999999,zenodo_11639494_phase_2_seed,0.15609537738110263,0.09603160071964968,0.10648049741095995,0.08388648676258306,0.24191257204900338,0.09993472154340353,0.1475619201765181,0.09425107,0.10231284500000001,0.11668064999999998,0.6867554999999999
phase_2_seed-row017-exp17,[C-]#[O+],[H][H],CCO,[Fe].[Fe].[Fe].[Fe].[Fe].[Fe].[Fe].[Fe].[Fe].[Fe].[Fe].[Fe].[Fe].[Fe].[Co].[Co].[Cu].[Cu].[Zr].[Zr],0.027036060759637513,1.0,270.0,50.0,1.5,27000.0,4,68.67554999999999,zenodo_11639494_phase_2_seed,0.3919582135914007,0.06897689555198715,0.36002661878673925,0.21953258990211522,0.20188108642661,0.04642235955070871,0.11377255151412467,0.09425107,0.10231284500000001,0.11668064999999998,0.6867554999999999
phase_2_seed-row018-exp18,[C-]#[O+],[H][H],CCO,[Fe].[Fe].[Fe].[Fe].[Fe].[Fe].[Fe].[Fe].[Fe].[Fe].[Fe].[Fe].[Fe].[Fe].[Co].[Co].[Cu].[Cu].[Zr].[Zr],0.0210208834467024,1.0,250.0,50.0,3.0,18000.0,4,68.67554999999999,zenodo_11639494_phase_2_seed,0.2317349716603517,0.0907108810383277,0.4018522871947769,0.1449529552844852,0.25750281961744415,0.0887028690721964,0.14014469743988406,0.09425107,0.10231284500000001,0.11668064999999998,0.6867554999999999
phase_2_seed-row019-exp19,[C-]#[O+],[H][H],CCO,[Fe].[Fe].[Fe].[Fe].[Fe].[Fe].[Fe].[Fe].[Fe].[Fe].[Fe].[Fe].[Fe].[Fe].[Co].[Co].[Cu].[Cu].[Zr].[Zr],0.03184281974270177,1.0,260.0,50.0,3.0,30000.0,4,68.67554999999999,zenodo_11639494_phase_2_seed,0.3727199124451185,0.08543364247379859,0.41863408545597086,0.14501763240101323,0.27545465620324733,0.08934455375150757,0.12849448843870634,0.09425107,0.10231284500000001,0.11668064999999998,0.6867554999999999
phase_2_seed-row020-exp20,[C-]#[O+],[H][H],CCO,[Fe].[Fe].[Fe].[Fe].[Fe].[Fe].[Fe].[Fe].[Fe].[Fe].[Fe].[Fe].[Fe].[Fe].[Co].[Co].[Cu].[Cu].[Zr].[Zr],0.01860653856195594,1.0,280.0,50.0,2.5,24000.0,4,68.67554999999999,zenodo_11639494_phase_2_seed,0.38852402547987497,0.047890316535700916,0.799497019978833,0.2929338617019106,0.22599481627406826,0.03541806586089372,0.0744164533918511,0.09425107,0.10231284500000001,0.11668064999999998,0.6867554999999999
phase_2-row001-exp1,[C-]#[O+],[H][H],CCO,[Fe].[Fe].[Fe].[Fe].[Fe].[Fe].[Fe].[Fe].[Fe].[Co].[Co].[Co].[Co].[Co].[Co].[Co].[Co].[Cu].[Cu].[Zr].[Zr],0.007389471031979207,1.0,264.5,50.0,1.98,10250.0,4,42.5456,zenodo_11639494_phase_2,0.14341557618973144,0.0515248847322087,0.41325329291282076,0.19618188265972747,0.19657777369236198,0.03308834682411474,0.1119848576788172,0.096902765,0.09422471,0.38341655,0.425456
phase_2-row002-exp2,[C-]#[O+],[H][H],CCO,[Fe].[Fe].[Fe].[Fe].[Fe].[Fe].[Fe].[Fe].[Fe].[Fe].[Fe].[Fe].[Co].[Co].[Co].[Co].[Cu].[Cu].[Zr].[Zr],0.02540877257391493,1.0,245.9,50.0,3.15,33000.0,4,60.893175,zenodo_11639494_phase_2,0.24983651548611646,0.10170159684014209,0.20374949879154539,0.07672159469738564,0.27890150935137686,0.12144160633011743,0.16145341299615504,0.10368715,0.089899065,0.19748195000000002,0.60893175
phase_2-row003-exp3,[C-]#[O+],[H][H],CCO,[Fe].[Fe].[Fe].[Fe].[Fe].[Fe].[Fe].[Fe].[Co].[Cu].[Cu].[Cu].[Cu].[Cu].[Cu].[Cu].[Cu].[Cu].[Zr].[Zr],0.018114886779790538,1.0,274.3,50.0,1.98,20000.0,4,45.47121,zenodo_11639494_phase_2,0.26347264024281175,0.06875433731220129,0.4382933423019647,0.2025668091384948,0.2280196707291956,0.06883195496497482,0.10992034086878304,0.08581915999999999,0.4547121,0.05869697,0.4007718
phase_2-row004-exp4,[C-]#[O+],[H][H],CCO,[Fe].[Fe].[Fe].[Fe].[Fe].[Fe].[Fe].[Fe].[Fe].[Fe].[Fe].[Fe].[Co].[Co].[Co].[Co].[Cu].[Cu].[Zr].[Zr],0.016575471626120285,1.0,279.1,50.0,1.78,18999.999999999996,4,60.893175,zenodo_11639494_phase_2,0.33983859215724127,0.04877454182263948,0.6518823594768636,0.30324823873938783,0.1961602232797659,0.02831525361208875,0.08334286182123986,0.10368715,0.089899065,0.19748195000000002,0.60893175
phase_2-row005-exp5,[C-]#[O+],[H][H],CCO,[Fe].[Fe].[Fe].[Fe].[Fe].[Fe].[Fe].[Fe].[Fe].[Fe].[Fe].[Fe].[Co].[Co].[Co].[Co].[Cu].[Cu].[Zr].[Zr],0.03436876706499968,1.0,256.9,50.0,3.15,43500.0,4,60.893175,zenodo_11639494_phase_2,0.39196123247575776,0.08768409785813534,0.2570906393837927,0.08576634666738901,0.29880529888920776,0.10722019206047946,0.14063550027374958,0.10368715,0.089899065,0.19748195000000002,0.60893175
phase_2-row006-exp6,[C-]#[O+],[H][H],CCO,[Fe].[Fe].[Fe].[Fe].[Fe].[Fe].[Fe].[Fe].[Fe].[Fe].[Fe].[Fe].[Co].[Co].[Co].[Co].[Cu].[Cu].[Zr].[Zr],0.03310206437047705,1.0,278.5,50.0,1.78,32550.0,4,60.893175,zenodo_11639494_phase_2,0.5414579726400894,0.061135057646441206,0.4481232464719714,0.21831313151708223,0.22855432627626318,0.047137170634572824,0.1045665336316066,0.10368715,0.089899065,0.19748195000000002,0.60893175
phase_2-row007-exp1,[C-]#[O+],[H][H],CCO,[Fe].[Fe].[Fe].[Fe].[Fe].[Fe].[Fe].[Fe].[Fe].[Fe].[Fe].[Fe].[Fe].[Fe].[Co].[Co].[Cu].[Cu].[Zr].[Zr],0.020904799325064054,1.0,273.0,50.0,2.7,32600.000000000004,4,69.63937,zenodo_11639494_phase_2,0.42791086449513605,0.04885316326270018,0.6836309614041687,0.2551361162344689,0.23027539032939648,0.03859123234668443,0.0792767800669537,0.09463119,0.0962264,0.1127487,0.6963937
phase_2-row008-exp2,[C-]#[O+],[H][H],CCO,[Fe].[Fe].[Fe].[Fe].[Fe].[Fe].[Fe].[Fe].[Fe].[Fe].[Fe].[Fe].[Fe].[Co].[Co].[Co].[Cu].[Cu].[Zr].[Zr],0.03394581959629285,1.0,277.0,50.0,2.4,37500.0,4,64.285805,zenodo_11639494_phase_2,0.5333959292268032,0.0636409423774565,0.5387056040531257,0.2104106632376976,0.2520108473848423,0.054591785465634146,0.10405184401470699,0.11717000000000001,0.09562958999999999,0.14434239999999998,0.64285805
phase_2-row009-exp3,[C-]#[O+],[H][H],CCO,[Fe].[Fe].[Fe].[Fe].[Fe].[Fe].[Fe].[Fe].[Fe].[Fe].[Fe].[Co].[Co].[Co].[Co].[Co].[Cu].[Cu].[Zr].[Zr].[Zr],0.03798068182562174,1.0,281.0,50.0,1.8,43800.0,4,53.77704,zenodo_11639494_phase_2,0.570445997037391,0.06658067901760072,0.38928609513021817,0.16068905835774666,0.2182373934494271,0.04283861209299121,0.11982387378441045,0.1312051,0.08080159999999999,0.25022295,0.5377704
phase_2-row010-exp4,[C-]#[O+],[H][H],CCO,[Fe].[Fe].[Fe].[Fe].[Fe].[Fe].[Fe].[Fe].[Fe].[Fe].[Fe].[Co].[Co].[Co].[Co].[Co].[Cu].[Cu].[Zr].[Zr].[Zr],0.03933856747757183,1.0,281.0,50.0,1.35,47200.00000000001,4,53.77704,zenodo_11639494_phase_2,0.5819309485632221,0.06760006075411197,0.29565266761521075,0.1603617141432971,0.20447930737166156,0.04137233787905096,0.12352888759725497,0.1312051,0.08080159999999999,0.25022295,0.5377704
phase_2-row011-exp5,[C-]#[O+],[H][H],CCO,[Fe].[Fe].[Fe].[Fe].[Fe].[Fe].[Fe].[Fe].[Fe].[Fe].[Fe].[Fe].[Fe].[Co].[Co].[Co].[Cu].[Cu].[Zr].[Zr],0.036297822694365135,1.0,284.0,50.0,1.15,46285.71428571428,4,63.209145,zenodo_11639494_phase_2,0.5982219953133723,0.0606761753642156,0.3192823173071912,0.21023364642252632,0.21672939419172596,0.04327897725487142,0.10455378708043468,0.11097315,0.11673159999999999,0.1402038,0.63209145
phase_2-row012-exp6,[C-]#[O+],[H][H],CCO,[Fe].[Fe].[Fe].[Fe].[Fe].[Fe].[Fe].[Fe].[Fe].[Fe].[Fe].[Fe].[Co].[Co].[Co].[Co].[Cu].[Cu].[Zr].[Zr],0.029564341677773692,1.0,279.0,50.0,2.0,40645.161290322576,4,60.509119999999996,zenodo_11639494_phase_2,0.625774818394172,0.047244377384248276,0.6692025993716385,0.2768873057569399,0.22137434470840667,0.028639740348026615,0.07862824035989885,0.081680375,0.099045755,0.2141827,0.6050911999999999
phase_2-row013-exp1,[C-]#[O+],[H][H],CCO,[Fe].[Fe].[Fe].[Fe].[Fe].[Fe].[Fe].[Fe].[Fe].[Fe].[Co].[Co].[Co].[Co].[Co].[Co].[Cu].[Cu].[Zr].[Zr],0.025961187415287024,1.0,273.378684,50.0,1.316231,37454.545454545456,4,50.273045,zenodo_11639494_phase_2,0.4330421720427229,0.05995071402127957,0.3060118976963714,0.18192829475931402,0.17795684308276566,0.036606487082050373,0.11768632350085881,0.10103325,0.11953509999999999,0.2767012,0.50273045
phase_2-row014-exp2,[C-]#[O+],[H][H],CCO,[Fe].[Fe].[Fe].[Fe].[Fe].[Fe].[Fe].[Fe].[Fe].[Fe].[Co].[Co].[Co].[Co].[Co].[Co].[Cu].[Cu].[Zr].[Zr],0.02719317834562752,1.0,278.256887,50.0,1.398827,36909.09090909091,4,50.273045,zenodo_11639494_phase_2,0.49182396676991075,0.055290470133492434,0.37614802201406744,0.21337427556198144,0.17868104992183928,0.031598257633183593,0.10671216183551503,0.10103325,0.11953509999999999,0.2767012,0.50273045
phase_2-row015-exp3,[C-]#[O+],[H][H],CCO,[Fe].[Fe].[Fe].[Fe].[Fe].[Fe].[Fe].[Fe].[Fe].[Fe].[Fe].[Fe].[Co].[Co].[Co].[Co].[Cu].[Cu].[Zr].[Zr],0.03517755491823065,1.0,277.36818,50.0,1.43267,38062.5,4,60.893175,zenodo_11639494_phase_2,0.5324664467702009,0.06606529882137792,0.4120875727763729,0.21317106204920655,0.2101844094602157,0.041431408385796585,0.11275111534593862,0.10368715,0.089899065,0.19748195000000002,0.60893175
phase_2-row016-exp4,[C-]#[O+],[H][H],CCO,[Fe].[Fe].[Fe].[Fe].[Fe].[Fe].[Fe].[Fe].[Fe].[Fe].[Fe].[Co].[Co].[Co].[Cu].[Cu].[Cu].[Zr].[Zr],0.043347063866731185,1.0,274.311592,50.0,2.0,37588.23529411765,4,56.66942,zenodo_11639494_phase_2,0.5991731476358286,0.07234480389811643,0.47085879818404863,0.18794184180326035,0.2436493820370855,0.06195897184192402,0.11915333545193554,0.10739945,0.16918714999999998,0.1567192,0.5666942
phase_2-row017-exp5,[C-]#[O+],[H][H],CCO,[Fe].[Fe].[Fe].[Fe].[Fe].[Fe].[Fe].[Fe].[Fe].[Fe].[Fe].[Fe].[Co].[Co].[Co].[Cu].[Cu].[Zr].[Zr].[Zr],0.04836497055008115,1.0,279.508658,50.0,1.714996,48240.0,4,60.5,zenodo_11639494_phase_2,0.6406837609549116,0.0754896151542771,0.3684962629700048,0.17763346684090653,0.2336674890202597,0.05644507268634633,0.12440856984582421,0.128,0.107,0.161,0.605
phase_2-row018-exp6,[C-]#[O+],[H][H],CCO,[Fe].[Fe].[Fe].[Fe].[Fe].[Fe].[Fe].[Fe].[Fe].[Fe].[Fe].[Fe].[Fe].[Fe].[Co].[Co].[Cu].[Cu].[Zr].[Zr],0.037696073217728616,1.0,280.89226,50.0,1.713459,49440.00000000001,4,69.63937,zenodo_11639494_phase_2,0.672259401335749,0.056073701822285014,0.49081763270770873,0.2455975181126322,0.20652832141037583,0.04147219313144924,0.09550209320136409,0.09463119,0.0962264,0.1127487,0.6963937
phase_2-row019-exp1,[C-]#[O+],[H][H],CCO,[Fe].[Fe].[Fe].[Fe].[Fe].[Fe].[Fe].[Fe].[Fe].[Fe].[Fe].[Fe].[Co].[Co].[Co].[Co].[Cu].[Cu].[Cu].[Zr],0.030363862195652385,1.0,280.5,50.0,2.21,39705.882352941175,4,57.95787199811932,zenodo_11639494_phase_2,0.5186682939480161,0.05854196709139045,0.5278398481055323,0.19875338290903555,0.23506074618075593,0.04382703003394294,0.10064824228372155,0.07272212309556368,0.15279761311351878,0.19490154380972433,0.5795787199811933
phase_2-row020-exp2,[C-]#[O+],[H][H],CCO,[Fe].[Fe].[Fe].[Fe].[Fe].[Fe].[Fe].[Fe].[Fe].[Fe].[Fe].[Fe].[Fe].[Co].[Cu].[Cu].[Cu].[Cu].[Zr],0.03356406016391393,1.0,281.6,50.0,2.21,50000.0,4,65.57359237484984,zenodo_11639494_phase_2,0.583991070900318,0.05747358450561484,0.5091988405959841,0.2160035608137475,0.22012091695704472,0.05120659275498262,0.09363556082906649,0.07036618600114483,0.22451981643410274,0.04937807381625397,0.6557359237484984
phase_2-row021-exp3,[C-]#[O+],[H][H],CCO,[Fe].[Fe].[Fe].[Fe].[Fe].[Fe].[Fe].[Fe].[Fe].[Fe].[Fe].[Fe].[Fe].[Fe].[Co].[Co].[Co].[Cu].[Zr].[Zr],0.049770689844543414,1.0,282.1,50.0,1.76,55200.0,4,70.734575,zenodo_11639494_phase_2,0.7562805941908373,0.06580982009434509,0.4360503635304925,0.20536712726203576,0.22965620792672298,0.05074510851019179,0.10679906946960564,0.1077496,0.0559162,0.1289884,0.7073457500000001
phase_2-row022-exp4,[C-]#[O+],[H][H],CCO,[Fe].[Fe].[Fe].[Fe].[Fe].[Fe].[Fe].[Fe].[Fe].[Fe].[Fe].[Fe].[Fe].[Co].[Co].[Co].[Co].[Cu].[Zr].[Zr],0.05044367293248974,1.0,281.5,50.0,2.21,58750.0,4,65.135495,zenodo_11639494_phase_2,0.7800887145537413,0.06466402088811991,0.48895231290897917,0.1948221121346062,0.2495437404838167,0.04841430504110655,0.10523906108793048,0.1098723,0.049332895,0.1894398,0.6513549500000001
phase_2-row023-exp5,[C-]#[O+],[H][H],CCO,[Fe].[Fe].[Fe].[Fe].[Fe].[Fe].[Fe].[Fe].[Fe].[Fe].[Fe].[Fe].[Fe].[Fe].[Fe].[Co].[Cu].[Cu].[Zr].[Zr],0.06455132877188677,1.0,270.5,50.0,2.0,80000.0,4,76.65126000000001,zenodo_11639494_phase_2,0.8780286660956518,0.07351847526679112,0.3603224437501735,0.14843798516458004,0.2275999572817314,0.07331481556836349,0.12256814981715985,0.08549732,0.085033005,0.062957125,0.7665126000000001
phase_2-row024-exp6,[C-]#[O+],[H][H],CCO,[Fe].[Fe].[Fe].[Fe].[Fe].[Fe].[Fe].[Fe].[Fe].[Fe].[Fe].[Fe].[Co].[Co].[Co].[Co].[Cu].[Cu].[Zr].[Zr],0.05217467388392921,1.0,289.3,50.0,2.46,76500.00000000001,4,60.509119999999996,zenodo_11639494_phase_2,0.9187115044611649,0.056791140233440604,0.5400175311707482,0.1821504484998995,0.27772368692710925,0.0427478594800431,0.09025628665135027,0.081680375,0.099045755,0.2141827,0.6050911999999999
phase_2-row025-exp1,[C-]#[O+],[H][H],CCO,[Fe].[Fe].[Fe].[Fe].[Fe].[Fe].[Fe].[Fe].[Fe].[Fe].[Co].[Co].[Co].[Co].[Co].[Co].[Cu].[Cu].[Zr].[Zr],0.019723226778546727,1.0,314.3,50.0,2.35,80000.0,4,50.273045,zenodo_11639494_phase_2,0.6835244824503681,0.02885518702686537,0.7378105675205295,0.2705358652868656,0.23759492936491267,0.017354646062351597,0.04805575260799333,0.10103325,0.11953509999999999,0.2767012,0.50273045
phase_2-row026-exp2,[C-]#[O+],[H][H],CCO,[Fe].[Fe].[Fe].[Fe].[Fe].[Fe].[Fe].[Fe].[Fe].[Fe].[Fe].[Fe].[Fe].[Fe].[Co].[Co].[Co].[Cu].[Zr].[Zr],0.046565106114250215,1.0,287.8,50.0,3.0,80000.0,4,70.734575,zenodo_11639494_phase_2,0.8613377133266228,0.05406138079616692,0.6344142488308723,0.19563273617286225,0.2815369369304768,0.04867522827267621,0.0814871638062016,0.1077496,0.0559162,0.1289884,0.7073457500000001
phase_2-row027-exp3,[C-]#[O+],[H][H],CCO,[Fe].[Fe].[Fe].[Fe].[Fe].[Fe].[Fe].[Fe].[Fe].[Fe].[Fe].[Fe].[Fe].[Co].[Co].[Co].[Co].[Cu].[Zr].[Zr],0.05033426480940861,1.0,286.3,50.0,2.69,72300.0,4,65.135495,zenodo_11639494_phase_2,0.8928207218614554,0.056376676276583215,0.5875800123166808,0.20916263839016036,0.27672968567616274,0.04352522956338979,0.08770030649370296,0.1098723,0.049332895,0.1894398,0.6513549500000001
phase_2-row028-exp4,[C-]#[O+],[H][H],CCO,[Fe].[Fe].[Fe].[Fe].[Fe].[Fe].[Fe].[Fe].[Fe].[Fe].[Fe].[Fe].[Fe].[Fe].[Fe].[Co].[Cu].[Cu].[Zr].[Zr],0.05265797555336384,1.0,281.9,50.0,2.91,80000.0,4,76.65126000000001,zenodo_11639494_phase_2,0.8991618132235172,0.05856340291474757,0.5609876601266707,0.1984729614496178,0.24505656873638426,0.055409542180353745,0.09263754233570996,0.08549732,0.085033005,0.062957125,0.7665126000000001
phase_2-row029-exp5,[C-]#[O+],[H][H],CCO,[Fe].[Fe].[Fe].[Fe].[Fe].[Fe].[Fe].[Fe].[Fe].[Fe].[Fe].[Fe].[Co].[Co].[Co].[Co].[Cu].[Cu].[Zr].[Zr],0.06632372518233028,1.0,287.2,50.0,2.81,90000.0,4,60.509119999999996,zenodo_11639494_phase_2,1.08856878587303,0.060927454510041626,0.5549832620704309,0.14421601849385712,0.29402689659883674,0.051853531461848616,0.09643443730713128,0.081680375,0.099045755,0.2141827,0.6050911999999999
phase_2-row030-exp6,[C-]#[O+],[H][H],CCO,[Fe].[Fe].[Fe].[Fe].[Fe].[Fe].[Fe].[Fe].[Fe].[Fe].[Fe].[Fe].[Fe].[Co].[Co].[Co].[Co].[Cu].[Zr].[Zr],0.0692684664693404,1.0,286.7,50.0,2.16,90000.0,4,65.135495,zenodo_11639494_phase_2,1.098461454909871,0.06305953309488123,0.4416183690475908,0.19337078887496625,0.26532071367385357,0.04588270566380516,0.0989529952750862,0.1098723,0.049332895,0.1894398,0.6513549500000001
phase_2-row031-exp1,[C-]#[O+],[H][H],CCO,[Fe].[Fe].[Fe].[Fe].[Fe].[Fe].[Fe].[Fe].[Fe].[Fe].[Fe].[Fe].[Fe].[Co].[Cu].[Cu].[Cu].[Cu].[Zr],0.049973699687406864,1.0,284.4,50.0,3.0,80000.0,4,65.57359237484984,zenodo_11639494_phase_2,0.7834743776560135,0.06378472750687446,0.4689180877606547,0.15608122063275778,0.26998909939359805,0.06700792315562451,0.09744277026893354,0.07036618600114483,0.22451981643410274,0.04937807381625397,0.6557359237484984
phase_2-row032-exp2,[C-]#[O+],[H][H],CCO,[Fe].[Fe].[Fe].[Fe].[Fe].[Fe].[Fe].[Fe].[Fe].[Fe].[Fe].[Fe].[Fe].[Co].[Co].[Co].[Co].[Cu].[Zr].[Zr],0.050419537440489964,1.0,284.2,50.0,3.0,74318.18181818182,4,65.135495,zenodo_11639494_phase_2,0.8570696962614711,0.05882781489115698,0.5870180038783372,0.17737646622868097,0.28743499492812813,0.04924127831349958,0.09225058637321762,0.1098723,0.049332895,0.1894398,0.6513549500000001
phase_2-row033-exp3,[C-]#[O+],[H][H],CCO,[Fe].[Fe].[Fe].[Fe].[Fe].[Fe].[Fe].[Fe].[Fe].[Fe].[Fe].[Fe].[Fe].[Co].[Co].[Co].[Cu].[Cu].[Zr].[Zr],0.06167847153213087,1.0,284.3,50.0,3.0,80000.0,4,64.285805,zenodo_11639494_phase_2,0.903094579964491,0.06829680179738873,0.4866137479781435,0.14935145468570965,0.2938805687427272,0.06400924296183536,0.10420576116636641,0.11717000000000001,0.09562958999999999,0.14434239999999998,0.64285805
phase_2-row034-exp4,[C-]#[O+],[H][H],CCO,[Fe].[Fe].[Fe].[Fe].[Fe].[Fe].[Fe].[Fe].[Fe].[Fe].[Fe].[Fe].[Co].[Co].[Co].[Co].[Cu].[Zr].[Zr].[Zr],0.06906976978636627,1.0,282.9,50.0,2.13,80000.0,4,59.68357000000001,zenodo_11639494_phase_2,0.933670564224967,0.07397659563542155,0.37049992865113374,0.14789760470113333,0.26371394352792177,0.057571068781658546,0.12029040650725346,0.14581465000000002,0.07431673500000001,0.183033,0.5968357000000001
phase_2-row035-exp5,[C-]#[O+],[H][H],CCO,[Fe].[Fe].[Fe].[Fe].[Fe].[Fe].[Fe].[Fe].[Fe].[Fe].[Fe].[Fe].[Co].[Co].[Co].[Co].[Cu].[Zr].[Zr].[Zr],0.0691616493296314,1.0,283.5,50.0,2.0,80000.0,4,59.68357000000001,zenodo_11639494_phase_2,0.9355201109605926,0.07392855430827262,0.35825066477601303,0.15194298155455677,0.26202460930237104,0.05637041693095854,0.11982797491210782,0.14581465000000002,0.07431673500000001,0.183033,0.5968357000000001
phase_2-row036-exp6,[C-]#[O+],[H][H],CCO,[Fe].[Fe].[Fe].[Fe].[Fe].[Fe].[Fe].[Fe].[Fe].[Fe].[Fe].[Fe].[Fe].[Co].[Co].[Co].[Cu].[Cu].[Zr].[Zr],0.07675047999445309,1.0,284.2,50.0,2.47,90000.0,4,64.285805,zenodo_11639494_phase_2,1.0300846777947106,0.07450890363573485,0.3912860960957703,0.13586084389319633,0.2811308345165298,0.06627264905058083,0.11445789739149727,0.11717000000000001,0.09562958999999999,0.14434239999999998,0.64285805
phase_3-row001-exp1,[C-]#[O+],[H][H],CCO,[Fe].[Fe].[Fe].[Fe].[Fe].[Fe].[Fe].[Fe].[Co].[Co].[Co].[Co].[Co].[Co].[Co].[Cu].[Cu].[Cu].[Zr].[Zr],0.014384276766680717,1.0,257.1,50.0,1.88,77400.0,4,40.362828582878365,zenodo_11639494_phase_3,0.18613650317857572,0.07727810784583572,0.09883846638602431,0.04019015682875667,0.30589783673208026,0.06690899371087658,0.12850785035148773,0.08006759426386856,0.16555030166164458,0.3507538182457032,0.40362828582878363
phase_3-row002-exp2,[C-]#[O+],[H][H],CCO,[Fe].[Fe].[Fe].[Fe].[Fe].[Fe].[Fe].[Fe].[Fe].[Fe].[Fe].[Fe].[Fe].[Fe].[Fe].[Fe].[Co].[Cu].[Zr].[Zr],0.023111832325385807,1.0,233.9,50.0,2.78,80000.1,4,80.66597999999999,zenodo_11639494_phase_3,0.2332247309501395,0.099096833475721,0.10516825258279411,0.061561210123921906,0.2475375867765277,0.15417860845683587,0.1497399134536267,0.07538944,0.057397515,0.06055321,0.8066597999999999
phase_3-row003-exp3,[C-]#[O+],[H][H],CCO,[Fe].[Fe].[Fe].[Fe].[Fe].[Fe].[Fe].[Co].[Co].[Co].[Co].[Co].[Co].[Co].[Co].[Co].[Cu].[Cu].[Cu].[Zr],0.018102149471600357,1.0,269.6,50.0,2.03,80000.1,4,45.15042175055935,zenodo_11639494_phase_3,0.29738149347558707,0.06087180900208376,0.15329484994842518,0.054819272459681725,0.25521043744287725,0.04181877845889598,0.10927676765766055,0.07112772443581451,0.14009970518494824,0.4515042175055935,0.3372683528736439
phase_3-row004-exp4,[C-]#[O+],[H][H],CCO,[Fe].[Fe].[Fe].[Fe].[Fe].[Fe].[Fe].[Fe].[Fe].[Co].[Co].[Co].[Co].[Co].[Co].[Co].[Co].[Cu].[Cu].[Zr].[Zr],0.02947844456485479,1.0,271.7,50.0,2.1,80000.0,4,42.5456,zenodo_11639494_phase_3,0.4063235743011444,0.07254918599186916,0.20250675951669592,0.09066868298961535,0.26805599941620095,0.05578122849877075,0.12398629990605557,0.096902765,0.09422471,0.38341655,0.425456
phase_3-row005-exp5,[C-]#[O+],[H][H],CCO,[Fe].[Fe].[Fe].[Fe].[Fe].[Fe].[Fe].[Fe].[Fe].[Fe].[Co].[Co].[Co].[Co].[Co].[Co].[Cu].[Cu].[Zr].[Zr],0.028239519914844205,1.0,273.5,50.0,2.18,80000.0,4,50.273045,zenodo_11639494_phase_3,0.4848476155685709,0.05824411424964583,0.2124554353556314,0.11234963886352717,0.2365691961103109,0.04518100475929087,0.11124166215247445,0.10103325,0.11953509999999999,0.2767012,0.50273045
phase_3-row006-exp6,[C-]#[O+],[H][H],CCO,[Fe].[Fe].[Fe].[Fe].[Fe].[Fe].[Fe].[Fe].[Fe].[Fe].[Fe].[Co].[Co].[Co].[Co].[Co].[Cu].[Cu].[Zr].[Zr].[Zr],0.03335277962666341,1.0,279.3,50.0,2.23,80000.0,4,53.77704,zenodo_11639494_phase_3,0.5196123824219536,0.06418780759458331,0.2350773678406299,0.11469865571713,0.27261926044711726,0.05421142287677401,0.1146425822968015,0.1312051,0.08080159999999999,0.25022295,0.5377704
phase_3-row007-exp1,[C-]#[O+],[H][H],CCO,[Fe].[Fe].[Fe].[Fe].[Fe].[Fe].[Co].[Co].[Co].[Co].[Co].[Co].[Co].[Co].[Co].[Co].[Cu].[Cu].[Zr].[Zr],0.007987699392140873,1.0,257.0,50.0,1.59,41760.0,4,48.527765,zenodo_11639494_phase_3,0.14529807403546577,0.05497457172206671,0.14637103714222519,0.025419156297081337,0.22157366443338455,0.024136083420645233,0.1174283776765452,0.1139243,0.10947205,0.48527765,0.2913261
phase_3-row008-exp2,[C-]#[O+],[H][H],CCO,[Fe].[Fe].[Fe].[Fe].[Fe].[Fe].[Fe].[Fe].[Co].[Co].[Co].[Co].[Co].[Co].[Co].[Co].[Co].[Cu].[Cu].[Zr],0.013288545302257553,1.0,252.0,50.0,1.57,75000.0,4,42.910092747990525,zenodo_11639494_phase_3,0.17864635452357688,0.0743846429875164,0.1068645154024106,0.03215590670436812,0.2885142963739175,0.044891960302139884,0.13470292220167854,0.07265167890258827,0.09087819850948092,0.42910092747990525,0.4073691951080255
phase_3-row009-exp3,[C-]#[O+],[H][H],CCO,[Fe].[Fe].[Fe].[Fe].[Fe].[Fe].[Fe].[Fe].[Fe].[Fe].[Fe].[Co].[Co].[Co].[Co].[Cu].[Cu].[Cu].[Cu].[Zr].[Zr],0.02882752030242519,1.0,268.4,50.0,1.93,80000.0,4,55.162123975630806,zenodo_11639494_phase_3,0.37946838260316373,0.07596817448839241,0.1980221401095503,0.10083710416449192,0.26697106791691877,0.059894815484141745,0.12104154170027787,0.075014367248271,0.19200632232717083,0.1813580706682501,0.5516212397563081
phase_3-row010-exp4,[C-]#[O+],[H][H],CCO,[Fe].[Fe].[Fe].[Fe].[Fe].[Fe].[Fe].[Fe].[Fe].[Fe].[Fe].[Fe].[Fe].[Fe].[Co].[Co].[Cu].[Cu].[Zr].[Zr],0.05132802017368544,1.0,257.8,50.0,2.3,80000.0,4,71.03198499999999,zenodo_11639494_phase_3,0.5400709141500784,0.09503940839780549,0.20850064517628747,0.08423628552035961,0.2642037271206308,0.11625573473825124,0.15052234705148235,0.08970691500000001,0.11350495000000001,0.08646828,0.7103198499999999
phase_3-row011-exp5,[C-]#[O+],[H][H],CCO,[Fe].[Fe].[Fe].[Fe].[Fe].[Fe].[Fe].[Fe].[Fe].[Fe].[Fe].[Fe].[Fe].[Fe].[Fe].[Co].[Cu].[Cu].[Zr].[Zr],0.061948780885816644,1.0,277.0,50.0,1.69,80000.0,4,75.20309573604902,zenodo_11639494_phase_3,0.9005862968279709,0.06878716798602372,0.3542295267174733,0.17712529229920174,0.21176802722803575,0.05813297718984039,0.11594701021529309,0.08288105521287005,0.11097334254094206,0.05411464488569758,0.7520309573604902
phase_3-row012-exp6,[C-]#[O+],[H][H],CCO,[Fe].[Fe].[Fe].[Fe].[Fe].[Fe].[Fe].[Fe].[Fe].[Fe].[Fe].[Fe].[Fe].[Fe].[Fe].[Fe].[Co].[Cu].[Zr].[Zr],0.05980331461435938,1.0,283.7,50.0,1.66,80000.0,4,80.66597999999999,zenodo_11639494_phase_3,1.0409323308753147,0.05745168330401562,0.4359666985893352,0.20973064186966892,0.19474509775055102,0.037878024148366086,0.09871227522956766,0.07538944,0.057397515,0.06055321,0.8066597999999999
phase_3-row013-exp1,[C-]#[O+],[H][H],CCO,[Fe].[Fe].[Fe].[Fe].[Fe].[Fe].[Fe].[Fe].[Fe].[Fe].[Co].[Co].[Co].[Co].[Co].[Co].[Cu].[Cu].[Zr].[Zr],0.02444164292598783,1.0,268.8,50.0,1.47,56823.529411764706,4,50.273045,zenodo_11639494_phase_3,0.38173073627065734,0.06402849077538794,0.20796949771293685,0.11363022306826183,0.19320558029265805,0.04627921122198234,0.1309300354746682,0.10103325,0.11953509999999999,0.2767012,0.50273045
phase_3-row014-exp2,[C-]#[O+],[H][H],CCO,[Fe].[Fe].[Fe].[Fe].[Fe].[Fe].[Fe].[Fe].[Fe].[Fe].[Fe].[Fe].[Fe].[Fe].[Fe].[Fe].[Co].[Cu].[Zr].[Zr],0.052240341552912344,1.0,255.5,50.0,1.89,80000.0,4,80.66597999999999,zenodo_11639494_phase_3,0.5889537724121605,0.08870024100355639,0.2001773949312858,0.07939736636999971,0.23720178864603836,0.08757075089230805,0.14735032760349434,0.07538944,0.057397515,0.06055321,0.8066597999999999
phase_3-row015-exp3,[C-]#[O+],[H][H],CCO,[Fe].[Fe].[Fe].[Fe].[Fe].[Fe].[Fe].[Fe].[Fe].[Fe].[Fe].[Fe].[Fe].[Fe].[Fe].[Fe].[Co].[Cu].[Zr].[Zr],0.0558559183227142,1.0,255.5,50.0,2.3,80000.0,4,80.66597999999999,zenodo_11639494_phase_3,0.6131850658493571,0.09109145253781585,0.23155964798410583,0.07789958263798111,0.24510374422425638,0.0929632085681026,0.14770197082789027,0.07538944,0.057397515,0.06055321,0.8066597999999999
phase_3-row016-exp4,[C-]#[O+],[H][H],CCO,[Fe].[Fe].[Fe].[Fe].[Fe].[Fe].[Fe].[Fe].[Fe].[Fe].[Fe].[Fe].[Fe].[Fe].[Fe].[Fe].[Co].[Cu].[Zr].[Zr],0.05844693342522582,1.0,255.5,50.0,2.96,80000.0,4,80.66597999999999,zenodo_11639494_phase_3,0.6286339055701533,0.09297451649894083,0.257503594533806,0.078022920360226,0.260149427553543,0.10256101895655735,0.1470806834475591,0.07538944,0.057397515,0.06055321,0.8066597999999999
phase_3-row017-exp5,[C-]#[O+],[H][H],CCO,[Fe].[Fe].[Fe].[Fe].[Fe].[Fe].[Fe].[Fe].[Fe].[Fe].[Fe].[Fe].[Fe].[Fe].[Co].[Co].[Cu].[Cu].[Zr].[Zr],0.05911061566990304,1.0,265.0,50.0,1.97,80000.0,4,71.03198499999999,zenodo_11639494_phase_3,0.6639277758106371,0.08903169565052561,0.23860450196947797,0.10723174974759263,0.25204334992450966,0.09573768132329587,0.14271564210175972,0.08970691500000001,0.11350495000000001,0.08646828,0.7103198499999999
phase_3-row018-exp6,[C-]#[O+],[H][H],CCO,[Fe].[Fe].[Fe].[Fe].[Fe].[Fe].[Fe].[Fe].[Fe].[Fe].[Fe].[Fe].[Fe].[Fe].[Co].[Co].[Cu].[Cu].[Zr].[Zr],0.06526445883988567,1.0,268.3,50.0,1.89,80000.0,4,71.03198499999999,zenodo_11639494_phase_3,0.7445581498435051,0.08765528770802292,0.25297535373297125,0.11899929212262382,0.24771827567267812,0.08751783810779913,0.14126869153924795,0.08970691500000001,0.11350495000000001,0.08646828,0.7103198499999999
