sweep_case_id,candidate_id,pseudo_smiles,composition_view,temperature_c,pressure_bar,ghsv_h,time_on_stream_h,feed_CO,feed_CO2,feed_H2,feed_H2O,feed_N2,predicted_sty_g_h_gcat,validation_score,validation_tier,known_family_similarity,is_novel_composition,reaction_id,simulation_backend,thermodynamic_delta_g_kj_mol,equilibrium_constant_kp,equilibrium_conversion_pct,cantera_equilibrium_conversion_pct,reaction_forward_margin,catalyst_rate_score,simulated_sty_g_h_gcat,simulation_confidence,simulation_notes
co2_methanol_sweep_0000,cand_0000,[Fe].[Ti],Fe/TiO2,269.041758,61.629908,3319.7527474937638,87.40792073906219,0.00406294,1.0,7.08219374,0.03981005,0.36898928,1.27164888381958,67.5,B,0.5,True,co2_methanol,yaml_cantera_plus_analytic_microkinetic,46.6222,3.2249172077100354e-05,44.9717,100.0,2.0881,0.1645,0.0941,low,YAML-driven Cantera equilibrium cross-check + catalyst descriptor screen (co2_methanol). Catalyst descriptor score is weak.
co2_methanol_sweep_0001,cand_0000,[Fe].[Ti],Fe/TiO2,254.875455,87.989708,26539.218440495908,138.52458907304276,0.1962064,1.0,8.28302635,0.25943097,0.12879355,1.27164888381958,67.5,B,0.5,True,co2_methanol,yaml_cantera_plus_analytic_microkinetic,44.1133,4.32712501161084e-05,59.0528,100.0,2.0644,0.1696,0.127383,low,YAML-driven Cantera equilibrium cross-check + catalyst descriptor screen (co2_methanol). Catalyst descriptor score is weak.
co2_methanol_sweep_0002,cand_0000,[Fe].[Ti],Fe/TiO2,197.816609,44.964873,12942.109061402565,25.4329281915697,0.44091234,1.0,2.64509936,0.338217,0.18447981,1.27164888381958,67.5,B,0.5,True,co2_methanol,yaml_cantera_plus_analytic_microkinetic,34.0082,0.00016913946093601528,21.7988,0.0,1.1778,0.1374,0.038083,low,YAML-driven Cantera equilibrium cross-check + catalyst descriptor screen (co2_methanol). Catalyst descriptor score is weak.
co2_methanol_sweep_0000,cand_0001,[Pt].[Zn],Pt/ZnO,269.041758,61.629908,3319.7527474937638,87.40792073906219,0.00406294,1.0,7.08219374,0.03981005,0.36898928,0.9518393278121948,90.0,A,0.6666666666666666,True,co2_methanol,yaml_cantera_plus_analytic_microkinetic,46.6222,3.2249172077100354e-05,44.9717,100.0,2.0881,0.3097,0.132582,high,YAML-driven Cantera equilibrium cross-check + catalyst descriptor screen (co2_methanol).
co2_methanol_sweep_0001,cand_0001,[Pt].[Zn],Pt/ZnO,254.875455,87.989708,26539.218440495908,138.52458907304276,0.1962064,1.0,8.28302635,0.25943097,0.12879355,0.9518393278121948,90.0,A,0.6666666666666666,True,co2_methanol,yaml_cantera_plus_analytic_microkinetic,44.1133,4.32712501161084e-05,59.0528,100.0,2.0644,0.3193,0.179476,high,YAML-driven Cantera equilibrium cross-check + catalyst descriptor screen (co2_methanol).
co2_methanol_sweep_0002,cand_0001,[Pt].[Zn],Pt/ZnO,197.816609,44.964873,12942.109061402565,25.4329281915697,0.44091234,1.0,2.64509936,0.338217,0.18447981,0.9518393278121948,90.0,A,0.6666666666666666,True,co2_methanol,yaml_cantera_plus_analytic_microkinetic,34.0082,0.00016913946093601528,21.7988,0.0,1.1778,0.2586,0.053658,high,YAML-driven Cantera equilibrium cross-check + catalyst descriptor screen (co2_methanol).
co2_methanol_sweep_0000,cand_0002,[Pt].[Ti],Pt/TiO2,269.041758,61.629908,3319.7527474937638,87.40792073906219,0.00406294,1.0,7.08219374,0.03981005,0.36898928,0.9510511159896852,65.0,B,0.3333333333333333,True,co2_methanol,yaml_cantera_plus_analytic_microkinetic,46.6222,3.2249172077100354e-05,44.9717,100.0,2.0881,0.2033,0.086935,high,YAML-driven Cantera equilibrium cross-check + catalyst descriptor screen (co2_methanol).
co2_methanol_sweep_0001,cand_0002,[Pt].[Ti],Pt/TiO2,254.875455,87.989708,26539.218440495908,138.52458907304276,0.1962064,1.0,8.28302635,0.25943097,0.12879355,0.9510511159896852,65.0,B,0.3333333333333333,True,co2_methanol,yaml_cantera_plus_analytic_microkinetic,44.1133,4.32712501161084e-05,59.0528,100.0,2.0644,0.2095,0.117684,high,YAML-driven Cantera equilibrium cross-check + catalyst descriptor screen (co2_methanol).
co2_methanol_sweep_0002,cand_0002,[Pt].[Ti],Pt/TiO2,197.816609,44.964873,12942.109061402565,25.4329281915697,0.44091234,1.0,2.64509936,0.338217,0.18447981,0.9510511159896852,65.0,B,0.3333333333333333,True,co2_methanol,yaml_cantera_plus_analytic_microkinetic,34.0082,0.00016913946093601528,21.7988,0.0,1.1778,0.1697,0.035184,low,YAML-driven Cantera equilibrium cross-check + catalyst descriptor screen (co2_methanol). Catalyst descriptor score is weak.
