id,catalyst,temperature_c,stability_proxy
themecat-0,[Cu].[Zn].[Al],239.85,0.6482589708177671
themecat-1,[Cu].[Zn].[Al],219.85,0.6855169605197161
themecat-2,[Cu].[Zn].[Al],199.85,0.7225054235988737
themecat-3,[Cu].[Zn].[Al],219.85,0.6855169605197161
themecat-4,[Cu].[Zn].[Al],199.85,0.7225054235988737
themecat-7,[Cu].[Zn].[Zr],219.85,0.6934106654022397
themecat-8,[Cu].[Zn].[Zr],199.85,0.7244555466775741
themecat-9,[Cu].[Zn].[Zr],219.85,0.6934106654022397
themecat-10,[Cu].[Zn].[Zr],199.85,0.7244555466775741
themecat-12,[Cu].[Zr],239.85,0.7526777433433686
themecat-13,[Cu].[Zr],219.85,0.7814818559376598
themecat-14,[Cu].[Zr],199.85,0.8092613897839639
themecat-15,[Cu].[Zr],219.85,0.7814818559376598
themecat-16,[Cu].[Zr],239.85,0.7526777433433686
themecat-18,[Cu].[Zn].[Zr],239.85,0.6616450477378913
themecat-19,[Cu].[Zn].[Zr],219.85,0.6934106654022397
themecat-20,[Cu].[Zn].[Zr],199.85,0.7244555466775741
themecat-21,[Cu].[Zn].[Zr],219.85,0.6934106654022397
themecat-22,[Cu].[Zn].[Zr],199.85,0.7244555466775741
themecat-26,[Cu].[Zn].[Zr],199.85,0.7244555466775741
themecat-27,[Cu].[Zn].[Zr],159.85000000000002,0.7846219990977562
themecat-29,[Cu].[Zn].[Zr],199.85,0.7244555466775741
themecat-30,[Cu].[Zn].[Al],159.85000000000002,0.6262303836689115
themecat-31,[Cu].[Zn].[Al],179.85000000000002,0.5759211668948204
themecat-34,[Cu].[Zn].[Al],179.85000000000002,0.5759211668948204
themecat-35,[Cu].[Zn].[Al],199.85,0.7225054235988737
themecat-37,[Pd].[Zn],249.85,0.7028185527681714
themecat-38,[Pd].[Zn],249.85,0.7028185527681714
themecat-39,[Pd].[Zn],249.85,0.7028185527681714
themecat-40,[Pd].[Zn],249.85,0.7028185527681714
themecat-42,[Pd].[Zn],249.85,0.7028185527681714
themecat-44,[Pd].[Zn],249.85,0.7028185527681714
themecat-45,[Pd].[Zn],249.85,0.7028185527681714
themecat-46,[Pd].[Zn],249.85,0.7028185527681714
themecat-47,[Pd].[Zn],249.85,0.7028185527681714
themecat-48,[Pd].[Zn],249.85,0.7028185527681714
themecat-50,[Pd].[Zn],249.85,0.7028185527681714
themecat-51,[Pd].[Zn],249.85,0.7028185527681714
themecat-52,[Pd].[Zn],249.85,0.7028185527681714
themecat-53,[Pd].[Zn],249.85,0.7028185527681714
themecat-54,[Pd].[Zn],249.85,0.7028185527681714
themecat-55,[Cu].[Al],199.85,0.805995978670958
themecat-56,[Cu].[Al],169.85000000000002,0.5860784080056772
themecat-58,[Cu].[Al],229.85,0.74911792275798
themecat-61,[Cu].[Al],199.85,0.805995978670958
themecat-62,[Cu].[Al],229.85,0.74911792275798
themecat-63,[Cu].[Al],279.85,0.6520118170394896
themecat-64,[Cu].[Al],259.85,0.6912586235635382
themecat-65,[Cu].[Al],259.85,0.6912586235635382
themecat-68,[Cu].[Al],199.85,0.805995978670958
themecat-71,[Cu].[Al],229.85,0.74911792275798
themecat-74,[Cu].[Al],169.85000000000002,0.5860784080056772
themecat-75,[Cu].[K].[Al],279.85,0.0751917705433955
themecat-76,[Cu].[K].[Al],199.85,0.08660744964660863
themecat-77,[Cu].[K].[Al],259.85,0.07817964754083064
themecat-78,[Cu].[K].[Al],169.85000000000002,0.07003317477382166
themecat-79,[Cu].[K].[Al],199.85,0.08660744964660863
themecat-80,[Cu].[K].[Al],199.85,0.08660744964660863
themecat-83,[Cu].[K].[Al],229.85,0.08248344508702271
themecat-85,[Cu].[K].[Al],229.85,0.08248344508702271
themecat-88,[Cu].[K].[Al],169.85000000000002,0.07003317477382166
themecat-89,[Cu].[K].[Al],229.85,0.08248344508702271
themecat-90,[Cu].[K].[Al],229.85,0.08248344508702271
themecat-92,[Cu].[K].[Al],259.85,0.07817964754083064
themecat-95,[Cu].[Ba].[Al],279.85,0.6790080210279879
themecat-96,[Cu].[Ba].[Al],279.85,0.6790080210279879
themecat-97,[Cu].[Ba].[Al],199.85,0.5672711408292255
themecat-100,[Cu].[Ba].[Al],199.85,0.5672711408292255
themecat-101,[Cu].[Ba].[Al],229.85,0.7645581854705095
themecat-102,[Cu].[Ba].[Al],229.85,0.7645581854705095
themecat-104,[Cu].[Ba].[Al],169.85000000000002,0.5032245084188132
themecat-105,[Cu].[Ba].[Al],259.85,0.7135773847022239
themecat-107,[Cu].[Ba].[Al],199.85,0.5672711408292255
themecat-108,[Cu].[Ba].[Al],169.85000000000002,0.5032245084188132
themecat-109,[Cu].[Ba].[Al],199.85,0.5672711408292255
themecat-110,[Cu].[Ba].[Al],259.85,0.7135773847022239
themecat-112,[Cu].[Ba].[Al],229.85,0.7645581854705095
themecat-113,[Cu].[Ba].[Al],279.85,0.6790080210279879
themecat-114,[Cu].[Ba].[Al],169.85000000000002,0.5032245084188132
themecat-116,[Ir].[In],299.85,0.4472135954999579
themecat-117,[Ir].[In],299.85,0.4472135954999579
themecat-118,[Ir].[In],279.85,0.4472135954999579
themecat-119,[Ir].[In],279.85,0.4472135954999579
themecat-120,[Ir].[In],279.85,0.4472135954999579
themecat-122,[Ir].[In],259.85,0.4472135954999579
themecat-125,[Ir].[In],239.85,0.4472135954999579
themecat-126,[Ir].[In],239.85,0.4472135954999579
themecat-127,[In].[Fe],249.85,0.34641016151377546
themecat-131,[In].[Fe],249.85,0.34641016151377546
themecat-132,[In].[Fe],249.85,0.34641016151377546
themecat-133,[Fe],249.85,0.6
themecat-134,[In].[Si],249.85,0.44044219844595134
themecat-137,[In].[Fe],249.85,0.34641016151377546
themecat-138,[In].[Fe],249.85,0.34641016151377546
themecat-140,[In].[Fe],249.85,0.34641016151377546
themecat-141,[In].[Fe],249.85,0.34641016151377546
themecat-142,[In].[Fe],249.85,0.34641016151377546
themecat-144,[In].[Fe],249.85,0.34641016151377546
themecat-145,[In].[Fe],249.85,0.34641016151377546
themecat-148,[In].[Fe],249.85,0.34641016151377546
themecat-150,[In].[Fe],249.85,0.34641016151377546
themecat-152,[In].[Fe],249.85,0.34641016151377546
themecat-153,[In].[Fe],249.85,0.34641016151377546
themecat-154,[In].[Fe],249.85,0.34641016151377546
themecat-155,[In].[Fe],249.85,0.34641016151377546
themecat-156,[In].[Fe],249.85,0.34641016151377546
themecat-157,[In].[Fe],249.85,0.34641016151377546
themecat-158,[In].[Fe],249.85,0.34641016151377546
themecat-159,[In].[Fe],249.85,0.34641016151377546
themecat-161,[In].[Fe],249.85,0.34641016151377546
themecat-162,[In].[Fe],249.85,0.34641016151377546
themecat-165,[In].[Fe],239.85,0.34641016151377546
themecat-167,[In].[Fe],199.85,0.34641016151377546
themecat-170,[In].[Al],349.85,0.3997792571191573
themecat-171,[In].[Al],324.85,0.4077389908539567
themecat-172,[In].[Al],299.85,0.41554628490994927
themecat-173,[In].[Al],349.85,0.3997792571191573
themecat-175,[In].[Al],349.85,0.3997792571191573
themecat-177,[In].[Al],324.85,0.4077389908539567
themecat-178,[In].[Al],299.85,0.41554628490994927
themecat-179,[In].[Al],324.85,0.4077389908539567
themecat-181,[In].[Al],299.85,0.41554628490994927
themecat-182,[In].[Al],274.85,0.4232095759104683
themecat-183,[In].[Al],349.85,0.3997792571191573
themecat-184,[In].[Al],299.85,0.41554628490994927
themecat-185,[In].[Al],299.85,0.41554628490994927
themecat-187,[In].[Al],274.85,0.4232095759104683
themecat-188,[In].[Al],274.85,0.4232095759104683
themecat-190,[In].[Al],249.85,0.4307365498563782
themecat-191,[In].[Al],274.85,0.4232095759104683
themecat-192,[In].[Al],249.85,0.4307365498563782
themecat-193,[In].[Al],249.85,0.4307365498563782
themecat-194,[In].[Al],299.85,0.41554628490994927
themecat-196,[In].[Al],274.85,0.4232095759104683
themecat-198,[In].[Zr],249.85,0.4472135954999579
themecat-200,[In].[Zr],249.85,0.4472135954999579
themecat-202,[In].[Zr],279.85,0.4472135954999579
themecat-204,[In].[Zr],249.85,0.4472135954999579
themecat-208,[In].[Zr],249.85,0.4472135954999579
themecat-211,[In].[Zr],279.85,0.4472135954999579
themecat-213,[Zr],249.85,1.0
themecat-215,[In].[Zr],299.85,0.4472135954999579
themecat-217,[In].[Zr],269.85,0.4472135954999579
themecat-218,[In].[Zr],254.85,0.4472135954999579
themecat-219,[In].[Y].[Zr],254.85,0.5848035476425733
themecat-220,[In].[Y].[Zr],269.85,0.5837288380272326
themecat-222,[In].[Y].[Zr],299.85,0.5737718764582665
themecat-223,[In].[La].[Zr],269.85,0.4746082935066484
themecat-224,[In].[La].[Zr],254.85,0.48551928503281
themecat-225,[In].[La].[Zr],284.85,0.4631711423704356
themecat-226,[In].[La].[Zr],299.85,0.45113940695431765
themecat-227,[In].[Y].[Zr],254.85,0.5848035476425733
themecat-228,[In].[Y].[Zr],284.85,0.5787931795698797
themecat-229,[In].[Y].[Zr],299.85,0.5737718764582665
themecat-230,[In].[Y].[Zr],269.85,0.5837288380272326
themecat-231,[In].[Y].[Zr],254.85,0.5848035476425733
themecat-233,[In].[Y].[Zr],284.85,0.5787931795698797
themecat-266,[Pd].[Si],249.85,0.9848586958845994
themecat-268,[Pd].[Ti],249.85,1.0
themecat-269,[Pd].[Al],249.85,0.963156205872589
themecat-270,[Cu].[Zn],249.85,0.5185775790629679
themecat-271,[Pd].[Zn],249.85,0.7028185527681714
themecat-272,[Pd].[Ga],249.85,0.03162277660168379
themecat-273,[Cu].[Zn].[Al].[Y],249.85,0.7067327737560221
themecat-275,[Cu].[Zn].[Al].[Ce],249.85,0.5725970048785805
themecat-276,[Cu].[Zn].[Al].[La],249.85,0.6180339057354945
themecat-277,[Cu].[Zn].[Al].[Mn],249.85,0.6387049747180557
themecat-278,[Cu].[Zn].[Al],249.85,0.6295162937958496
themecat-279,[Cu].[Zr],219.85,0.7814818559376598
themecat-280,[Cu].[Zr],199.85,0.8092613897839639
themecat-282,[Cu].[Zr],259.85,0.7227265592803147
themecat-284,[Cu].[Zr].[La],219.85,0.7387872641487441
themecat-285,[Cu].[Zr].[La],199.85,0.7749252168420807
themecat-288,[Cu].[Zr].[La],279.85,0.6245046914687051
themecat-289,[Cu].[Zr].[La],219.85,0.7387872641487441
themecat-290,[Cu].[Zr].[La],219.85,0.7387872641487441
themecat-291,[Cu].[Zr].[La],219.85,0.7387872641487441
themecat-292,[Cu].[Zr].[La],199.85,0.7749252168420807
themecat-293,[Cu].[Zr].[La],239.85,0.7017407443366729
themecat-294,[Cu].[Zr].[La],259.85,0.663686505495172
themecat-296,[Cu].[Zr].[La],219.85,0.7387872641487441
themecat-298,[Cu].[Zr].[La],239.85,0.7017407443366729
themecat-299,[Cu].[Zr].[La],259.85,0.663686505495172
themecat-300,[Cu].[Zr].[La],279.85,0.6245046914687051
themecat-301,[In],249.85,0.2
themecat-302,[Ir].[In],249.85,0.4472135954999579
themecat-308,[Ir].[Pd].[In],249.85,0.5848035476425733
themecat-309,[Ir].[Pd].[In],249.85,0.5848035476425733
themecat-310,[Ir].[Pd].[In],249.85,0.5848035476425733
themecat-312,[Ir].[Pd].[In],249.85,0.5848035476425733
themecat-313,[Ir].[Pd].[In],249.85,0.5848035476425733
themecat-314,[Pd].[In],249.85,0.4472135954999579
themecat-315,[Ir].[In],249.85,0.4472135954999579
themecat-318,[Ir].[Pd].[In],249.85,0.5848035476425733
themecat-319,[Ir].[Pd].[In],249.85,0.5848035476425733
themecat-322,[Ir].[Pd].[In],249.85,0.5848035476425733
themecat-323,[Ir].[Pd].[In],199.85,0.5848035476425733
themecat-324,[Ir].[Pd].[In],224.85,0.5848035476425733
themecat-325,[Ir].[Pd].[In],274.85,0.5848035476425733
themecat-328,[Pd].[Pt].[In],299.85,0.5768304574695148
themecat-329,[Pd].[In],299.85,0.4380990137819919
themecat-330,[Pd].[Pt].[In],299.85,0.5768304574695148
themecat-332,[Pt].[In],299.85,0.4472135954999579
themecat-333,[Pd].[Pt].[In],279.85,0.5833330858668284
themecat-334,[Pd].[Pt].[In],259.85,0.5848035476425733
themecat-335,[Pd].[Pt].[In],279.85,0.5833330858668284
themecat-338,[Pd].[Pt].[In],259.85,0.5848035476425733
themecat-339,[Pd].[Pt].[In],259.85,0.5848035476425733
themecat-340,[Pt].[In],259.85,0.4472135954999579
themecat-341,[Pd].[Pt].[In],239.85,0.5848035476425733
themecat-342,[Pd].[In],259.85,0.4472135954999579
themecat-343,[Pd].[Pt].[In],239.85,0.5848035476425733
themecat-345,[Pt].[In],239.85,0.4472135954999579
themecat-346,[Pd].[In],239.85,0.4472135954999579
themecat-347,[Pd].[Pt].[In],219.85,0.5848035476425733
themecat-348,[Pd].[Pt].[In],219.85,0.5848035476425733
themecat-349,[Pt].[In],219.85,0.4472135954999579
themecat-350,[Pd].[Pt].[In],219.85,0.5848035476425733
themecat-351,[Pd].[In],219.85,0.4472135954999579
themecat-352,[La].[Cu].[O],249.85,0.5419756483848284
themecat-355,[La].[Cu].[O],249.85,0.5419756483848284
themecat-356,[La],249.85,0.5848281642917016
themecat-360,[In].[Co],254.85,0.4
themecat-362,[In].[Co],284.85,0.3881152975120872
themecat-363,[In].[Co],299.85,0.38150096516960397
themecat-364,[In].[Co].[K],239.85,0.054288352331898146
themecat-366,[In].[Co].[K],269.85,0.05380035814409122
themecat-368,[In].[Co].[K],299.85,0.05260137466773897
themecat-369,[Cu].[Zn].[Al],239.85,0.6482589708177671
themecat-372,[Cu].[Zn].[Al],239.85,0.6482589708177671
themecat-373,[Cu].[Zn].[Al],239.85,0.6482589708177671
themecat-375,[Cu].[Zn].[Al],239.85,0.6482589708177671
themecat-377,[Cu].[Pd].[Ti].[Zr],249.85,0.8589843655929825
themecat-378,[Cu].[Pd].[Ti].[Zr],249.85,0.8589843655929825
themecat-379,[Cu].[Pd].[Ti].[Zr],249.85,0.8589843655929825
themecat-380,[Cu].[Pd].[Zr],249.85,0.8165454172341683
themecat-381,[Cu].[Pd].[Ti].[Ce],249.85,0.6959516994833271
themecat-382,[Cu].[Pd].[Ti].[Zr],249.85,0.8589843655929825
themecat-383,[Cu].[Pd].[Ce],249.85,0.6167447570960024
themecat-384,[Cu].[Pd].[Ti],249.85,0.8165454172341683
themecat-385,[Cu].[Pd].[Ti].[Ce],249.85,0.6959516994833271
themecat-386,[Cu].[Mg].[Ti],219.85,0.8366795758430392
themecat-387,[Cu].[Mg].[Ti],179.85000000000002,0.6686523182765678
themecat-388,[Cu].[Mg].[Ti],199.85,0.8640624304162642
themecat-389,[Cu].[Mg].[Ti],239.85,0.8085498908234902
themecat-390,[Cu].[Mg].[Ti],259.85,0.7795760997875028
themecat-391,[Cu].[Mg].[Ti],219.85,0.8366795758430392
themecat-392,[Cu].[Mg].[Ti],219.85,0.8366795758430392
themecat-393,[Cu].[Mg].[Ti],219.85,0.8366795758430392
themecat-394,[Cu].[Mg].[Ti],219.85,0.8366795758430392
themecat-396,[Cu].[Mg].[Ti],179.85000000000002,0.6686523182765678
themecat-397,[Cu].[Mg].[Ti],199.85,0.8640624304162642
themecat-399,[Cu].[Mg].[Ti],259.85,0.7795760997875028
themecat-402,[Cu].[Zn].[Zr],239.85,0.6616450477378913
themecat-405,[Cu].[Zn].[Zr],239.85,0.6616450477378913
themecat-408,[Cu].[Zn].[Zr],239.85,0.6616450477378913
themecat-409,[Cu].[Zn].[Zr],239.85,0.6616450477378913
themecat-410,[Pd].[Zn].[Ce].[Ca],219.85,0.6337415650832869
themecat-411,[Pd].[Zn].[Ce].[Ca],229.85,0.612500820815628
themecat-412,[Pd].[Zn].[Ce].[Ca],229.85,0.612500820815628
themecat-414,[Pd].[Zn].[Ce],219.85,0.6551805992497538
themecat-415,[Pd].[Ce],219.85,0.7177524220271518
themecat-416,[Pd].[Zn].[Zr],229.85,0.8085550379627287
themecat-419,[Pd].[Zn].[Zr],269.85,0.7715557931567744
themecat-420,[Pd].[Zn].[Zr],249.85,0.7904883580456605
themecat-421,[Pd].[Zn].[Zr],249.85,0.7904883580456605
themecat-422,[Pd].[Zn].[Zr],249.85,0.7904883580456605
themecat-423,[Pd].[Zn].[Zr].[Ca],229.85,0.733173739582245
themecat-425,[Pd].[Zn].[Zr].[Ca],249.85,0.7024166799646434
themecat-426,[Pd].[Zn].[Zr].[Ca],269.85,0.670108241946709
themecat-427,[Pd].[Zn].[Zr].[Ca],249.85,0.7024166799646434
themecat-429,[Pd].[Zn].[Zr].[Ca],249.85,0.7024166799646434
themecat-431,[Pd].[Zn].[Al],249.85,0.7709507401660151
themecat-432,[Pd].[Mg].[Ga],249.85,0.09726040973661111
themecat-433,[Au].[In],299.85,0.2879593643466799
themecat-434,[Au].[In],274.85,0.306817493665499
themecat-435,[Au].[In],249.85,0.3245818129892879
themecat-436,[Au].[In],224.85,0.34142309855609887
themecat-437,[Au].[In],199.85,0.35747183264123367
themecat-438,[Au].[In],299.85,0.2879593643466799
themecat-439,[Au].[In],274.85,0.306817493665499
themecat-440,[Au].[In],299.85,0.2879593643466799
themecat-442,[Au].[In],249.85,0.3245818129892879
themecat-443,[Au].[In],249.85,0.3245818129892879
themecat-444,[Au].[In],224.85,0.34142309855609887
themecat-445,[Au].[In],224.85,0.34142309855609887
themecat-446,[Au].[In],199.85,0.35747183264123367
themecat-447,[Au].[In],199.85,0.35747183264123367
themecat-448,[In],299.85,0.2
themecat-449,[In],199.85,0.2
themecat-450,[In],224.85,0.2
themecat-451,[In],249.85,0.2
themecat-452,[In],274.85,0.2
themecat-454,[In],199.85,0.2
themecat-455,[In],224.85,0.2
themecat-456,[In],249.85,0.2
themecat-457,[In],274.85,0.2
themecat-461,[In],249.85,0.2
themecat-466,[Pd].[In],249.85,0.4472135954999579
themecat-467,[Pd].[In],274.85,0.4472135954999579
themecat-469,[Pd].[In],199.85,0.4472135954999579
themecat-470,[Pd].[In],224.85,0.4472135954999579
themecat-471,[Pd].[In],249.85,0.4472135954999579
themecat-472,[Pd].[In],274.85,0.4472135954999579
themecat-473,[In],299.85,0.2
themecat-476,[In],249.85,0.2
themecat-477,[In],274.85,0.2
themecat-479,[In],319.85,0.2
themecat-481,[In],279.85,0.2
themecat-482,[In],369.85,0.2
themecat-483,[In],249.85,0.2
themecat-484,[In],399.85,0.2
themecat-488,[In].[Si].[Al],339.85,0.5085505244590709
themecat-489,[In].[Si].[Al],299.85,0.5338387165383474
themecat-490,[In].[Si].[Al],279.85,0.5462445201684583
themecat-491,[In].[Si].[Al],249.85,0.5645777595963962
themecat-492,[Co].[Si],269.85,0.8529521117210502
themecat-493,[Co].[C].[Si],269.85,0.7138491289926423
themecat-495,[Co].[C].[Si],269.85,0.7138491289926423
themecat-496,[Co].[C].[Si],269.85,0.7138491289926423
themecat-497,[Pd].[Zn].[Ce],229.85,0.6361740537792923
themecat-498,[Pd].[Zn].[Ce],219.85,0.6551805992497538
themecat-501,[Pd].[Zn].[Ce].[Ca],229.85,0.612500820815628
themecat-502,[Pd].[Zn].[Ce].[Ca],219.85,0.6337415650832869
themecat-503,[Pd].[Zn].[Ce].[Ca],249.85,0.5691000927931482
themecat-504,[Pd].[Zn].[Ce].[Ca],269.85,0.6684076856830188
themecat-505,[Pd].[Zn].[Ce].[Ca],229.85,0.612500820815628
themecat-506,[Pd].[Zn].[Ce].[Ca],229.85,0.612500820815628
themecat-508,[Pd].[Zn].[Ce].[Ca],229.85,0.612500820815628
themecat-509,[Pd].[Zn].[Ce].[Ca],229.85,0.612500820815628
themecat-511,[Pd].[Zn].[Ce].[Ca],229.85,0.612500820815628
themecat-512,[Pd].[Zn].[Ce].[Ca],229.85,0.612500820815628
themecat-513,[Pd].[Zn].[Ce].[Ca],229.85,0.612500820815628
themecat-514,[Pd].[Zn].[Ce].[Ca],219.85,0.6337415650832869
themecat-515,[Pd].[Zn].[Ce].[Ca],249.85,0.5691000927931482
themecat-516,[Pd].[Zn].[Ce].[Ca],269.85,0.6684076856830188
themecat-517,[Pd].[Zn].[Ce].[Ca],229.85,0.612500820815628
themecat-520,[Pd].[Zn].[Ce].[Ca],269.85,0.6684076856830188
themecat-521,[Pd].[Zn].[Ce].[Ca],229.85,0.612500820815628
themecat-522,[Pd].[Zn].[Ce].[Ca],219.85,0.6337415650832869
themecat-523,[Pd].[Zn].[Ce].[Ca],249.85,0.5691000927931482
themecat-524,[Pd].[Zn].[Ce].[Ca],269.85,0.6684076856830188
themecat-545,[In].[Ce],299.85,0.43730533389861576
themecat-546,[In].[Ce],279.85,0.4424142143722913
themecat-547,[In].[Ce],219.85,0.3209886413335658
themecat-549,[In].[Ce],279.85,0.4424142143722913
themecat-551,[In].[Zr],299.85,0.4472135954999579
themecat-552,[In].[Zr],279.85,0.4472135954999579
themecat-553,[In].[Zr],259.85,0.4472135954999579
themecat-555,[In].[Zr],219.85,0.4472135954999579
themecat-556,[In].[Zr],279.85,0.4472135954999579
themecat-557,[In].[Zr],219.85,0.4472135954999579
themecat-561,[In].[Zr],299.85,0.4472135954999579
themecat-562,[Zr],219.85,1.0
themecat-563,[Ce],219.85,0.5151685393258427
themecat-565,[Ce],279.85,0.9786516853932584
themecat-566,[Zr],299.85,1.0
themecat-567,[Ce],299.85,0.9561797752808989
themecat-568,[Cu].[Ce].[Zr],249.85,0.6167447570960024
themecat-570,[Cu].[Ce].[Zr],249.85,0.6167447570960024
themecat-571,[Cu].[Ce].[Zr],249.85,0.6167447570960024
themecat-572,[Cu].[Ce].[Zr],249.85,0.6167447570960024
themecat-573,[Cu].[Ce],249.85,0.48434876801373133
themecat-574,[Cu].[Zr],249.85,0.7378541403331786
themecat-577,[Cu].[In],259.85,0.3232131431390631
themecat-578,[Cu].[In],279.85,0.30923892822665744
themecat-579,[Cu].[In],219.85,0.349489310611861
themecat-580,[Cu].[In],239.85,0.3366077198533824
themecat-581,[Cu].[In],219.85,0.349489310611861
themecat-582,[Cu].[In],239.85,0.3366077198533824
themecat-583,[Cu].[In],259.85,0.3232131431390631
themecat-584,[Cu].[In],279.85,0.30923892822665744
themecat-585,[Cu].[In],219.85,0.349489310611861
themecat-586,[Cu].[In],239.85,0.3366077198533824
themecat-588,[Cu].[In],279.85,0.30923892822665744
themecat-589,[Cu].[In],219.85,0.349489310611861
themecat-590,[Cu].[In],239.85,0.3366077198533824
themecat-595,[Cu].[In],259.85,0.3232131431390631
themecat-596,[Cu].[In],279.85,0.30923892822665744
themecat-598,[Cu].[Zn],249.85,0.5185775790629679
themecat-599,[Cu].[Zn],259.85,0.49895876590765476
themecat-600,[Cu].[Zn],259.85,0.49895876590765476
themecat-602,[Cu].[Zn],249.85,0.5185775790629679
themecat-603,[Cu].[Zn],259.85,0.49895876590765476
themecat-604,[Pd].[Zn].[Al],249.85,0.7709507401660151
themecat-607,[Pd].[Zn].[Al],249.85,0.7709507401660151
themecat-608,[Pd].[Zn].[Al],249.85,0.7709507401660151
themecat-611,[Zn].[Zr],199.85,0.7619540684485925
themecat-613,[Zn].[Zr],239.85,0.7150370165083693
themecat-615,[Zn].[Zr],279.85,0.6648171684974883
themecat-617,[Zn].[Zr],329.85,0.5961222888122891
themecat-618,[Zn].[Zr],339.85,0.5814101532969296
themecat-619,[Zn].[Zr],359.85,0.5508082539620054
themecat-620,[Zn].[Zr],379.85,0.5130402199866091
themecat-621,[Zn].[Zr],199.85,0.7619540684485925
themecat-622,[Zn].[Zr],219.85,0.7388680319930455
themecat-623,[Zn].[Zr],239.85,0.7150370165083693
themecat-624,[Zn].[Zr],259.85,0.6903838796300967
themecat-625,[Zn].[Zr],279.85,0.6648171684974883
themecat-626,[Zn].[Zr],299.85,0.6382271020608037
themecat-627,[Zn].[Zr],329.85,0.5961222888122891
themecat-628,[Zn].[Zr],339.85,0.5814101532969296
themecat-629,[Zn].[Zr],359.85,0.5508082539620054
themecat-632,[Zn].[Zr],329.85,0.5961222888122891
themecat-633,[Zn].[Zr],329.85,0.5961222888122891
themecat-635,[Zn].[Zr],329.85,0.5961222888122891
themecat-636,[Zn].[Zr],329.85,0.5961222888122891
themecat-637,[Zn].[Zr],329.85,0.5961222888122891
themecat-638,[Zn].[Zr],329.85,0.5961222888122891
themecat-639,[Zn].[Zr],329.85,0.5961222888122891
themecat-640,[Zn].[Zr],329.85,0.5961222888122891
themecat-642,[Zn].[Zr],329.85,0.5961222888122891
themecat-643,[Zn].[Zr],299.85,0.6382271020608037
themecat-645,[Zn].[Zr],299.85,0.6382271020608037
themecat-646,[Zn].[Zr],299.85,0.6382271020608037
themecat-647,[Zr],319.85,1.0
themecat-651,[Zn].[Zr],319.85,0.6104799751677734
themecat-653,[Zn].[Zr],319.85,0.6104799751677734
themecat-654,[Zn].[Zr],319.85,0.6104799751677734
themecat-655,[Zn].[Zr],319.85,0.6104799751677734
themecat-658,[Zn],319.85,0.3726858000808453
themecat-659,[Cu].[Zr],219.85,0.7814818559376598
themecat-660,[Cu].[Zr],219.85,0.7814818559376598
themecat-662,[Cu].[Zr],219.85,0.7814818559376598
themecat-699,[Cu].[Zn].[Al],239.85,0.6482589708177671
themecat-700,[Cu].[Zn].[Al],239.85,0.6482589708177671
themecat-701,[Cu].[Zn].[Al],219.85,0.6855169605197161
themecat-702,[Cu].[Zn].[Al],229.85,0.6669240507363429
themecat-704,[Cu].[Zn].[Al],259.85,0.6106899921011989
themecat-705,[Cu].[Zn].[Al],239.85,0.6482589708177671
themecat-706,[Cu].[Zn].[Al],239.85,0.6482589708177671
themecat-707,[Cu].[Zn].[Al],239.85,0.6482589708177671
themecat-708,[Cu].[Zn].[Al],219.85,0.6855169605197161
themecat-710,[Cu].[Zn].[Al],249.85,0.6295162937958496
themecat-711,[Cu].[Zn].[Al],259.85,0.6106899921011989
themecat-712,[Cu].[Zn].[Al],239.85,0.6482589708177671
themecat-713,[Cu].[Zn].[Al],239.85,0.6482589708177671
themecat-715,[Cu].[Zn].[Al],219.85,0.6855169605197161
themecat-716,[Cu].[Zn].[Al],229.85,0.6669240507363429
themecat-717,[Cu].[Zn].[Al],249.85,0.6295162937958496
themecat-718,[Cu].[Zn].[Al],259.85,0.6106899921011989
themecat-721,[Cd].[Zr].[Zn],319.85,0.5711773142820692
themecat-722,[Cd].[Zr].[Zn],299.85,0.5883559679370903
themecat-724,[Cd].[Zr].[Zn],359.85,0.5333229768189061
themecat-726,[Cd].[Zr].[Zn],279.85,0.6045860919243312
themecat-727,[Cd].[Zr],319.85,0.7071067811865476
themecat-728,[Cd].[Zr].[Zn],299.85,0.5883559679370903
themecat-729,[Cd].[Zr],339.85,0.7071067811865476
themecat-730,[Cd].[Zr].[Zn],339.85,0.5528980724828512
themecat-732,[Cd].[Zr],299.85,0.7071067811865476
themecat-733,[Cd].[Zr].[Zn],359.85,0.5333229768189061
themecat-734,[Cd].[Zr],359.85,0.7071067811865476
themecat-735,[Cd].[Zr],279.85,0.7071067811865476
themecat-736,[Cu].[Zn].[Al].[Zr],189.85,0.6390414756409533
themecat-737,[Cu].[Zn].[Al].[Zr],189.85,0.6390414756409533
themecat-738,[Cu].[Zn].[Al].[Zr],189.85,0.6390414756409533
themecat-739,[Cu].[Zn].[Al].[Zr],189.85,0.6390414756409533
themecat-740,[Cu].[Zn].[Al].[Zr],189.85,0.6390414756409533
themecat-741,[Cu].[Zn].[Al].[Zr],189.85,0.6390414756409533
themecat-747,[In].[C],349.85,0.31622776601683794
themecat-748,[In].[Zn].[C],289.85,0.34888292848825386
themecat-750,[In].[Zn].[C],349.85,0.3177160781775887
themecat-751,[In].[C],289.85,0.31622776601683794
themecat-752,[In].[Zn].[C],319.85,0.33402651972511105
themecat-753,[In].[Zn].[C],289.85,0.34888292848825386
themecat-754,[In].[Zn].[C],259.85,0.36257158190123573
themecat-755,[In].[Zn].[C],259.85,0.36257158190123573
themecat-756,[In].[Zn].[C],259.85,0.36257158190123573
themecat-757,[In].[C],259.85,0.31622776601683794
themecat-760,[In].[Zn].[C],229.85,0.3752980035569158
themecat-762,[In].[Zn].[C],199.85,0.38721531693694466
themecat-763,[In].[Zn].[C],199.85,0.38721531693694466
themecat-764,[In].[C],199.85,0.31622776601683794
themecat-765,[In].[Zn].[C],199.85,0.38721531693694466
themecat-766,[In].[Cr],239.85,0.31622776601683794
themecat-767,[In].[Cr],259.85,0.31622776601683794
themecat-769,[In].[Cr],299.85,0.31622776601683794
themecat-771,[In].[Cr],259.85,0.31622776601683794
themecat-772,[In].[Cr],279.85,0.31622776601683794
themecat-774,[In],239.85,0.2
themecat-775,[In],279.85,0.2
themecat-776,[In],299.85,0.2
themecat-777,[In],259.85,0.2
themecat-779,[In].[Cr],259.85,0.31622776601683794
themecat-780,[In].[Cr],279.85,0.31622776601683794
themecat-781,[In].[Cr],299.85,0.31622776601683794
themecat-784,[In].[Cr],279.85,0.31622776601683794
themecat-785,[In].[Cr],299.85,0.31622776601683794
themecat-788,[In].[Cr],279.85,0.31622776601683794
themecat-789,[In].[Cr],299.85,0.31622776601683794
themecat-810,[Cu].[Zn].[Al],219.85,0.6855169605197161
themecat-812,[Cu].[Zn].[Al],219.85,0.6855169605197161
themecat-813,[Cu].[Zn].[Al],239.85,0.6482589708177671
themecat-814,[Cu].[Zn].[Al],219.85,0.6855169605197161
themecat-815,[Cu].[Zn].[Al],239.85,0.6482589708177671
themecat-817,[Cu].[Zn].[Al],239.85,0.6482589708177671
suvarna-0,[In].[Fe].[Ni].[Ca],324.85,0.5039220933290292
suvarna-1,[In].[Fe].[Ni].[Ca],324.85,0.5039220933290292
suvarna-4,[Cu].[Zn].[S].[Mn],179.85000000000002,0.6440311569617181
suvarna-5,[In].[Fe].[Ni].[Ca],324.85,0.5039220933290292
suvarna-6,[Cu].[Zn].[Al],259.85,0.6106899921011989
suvarna-8,[In].[Fe].[Ni].[Ca],324.85,0.5039220933290292
suvarna-9,[Cu].[Zn].[S],259.85,0.49930560278885905
suvarna-10,[Cu].[Zn].[S],179.85000000000002,0.5991181942043831
suvarna-11,[Cu].[Zn].[S],259.85,0.49930560278885905
suvarna-12,[Cu].[Zn].[Mn],179.85000000000002,0.7007328908558708
suvarna-13,[Cu].[S].[Mn],179.85000000000002,0.6539309259503486
suvarna-14,[Cu].[S],179.85000000000002,0.5912250429533479
suvarna-16,[Cu].[Zn],179.85000000000002,0.6558186467335128
suvarna-17,[Pd].[Cu],249.85,0.7378541403331786
suvarna-19,[Cu].[Ce].[Ni],239.85,0.5925205216390355
suvarna-21,[Cu].[Zn].[Al],259.85,0.6106899921011989
suvarna-24,[Cu].[Ce],274.85,0.6938990987254816
suvarna-25,[Cu].[Zn].[Al],259.85,0.6106899921011989
suvarna-26,[Cu].[Zn].[Al],259.85,0.6106899921011989
suvarna-29,[Cu].[Zn].[S],259.85,0.49930560278885905
suvarna-31,[Cu].[Ce],199.85,0.6117011483660574
suvarna-32,[In].[Ir],299.85,0.4472135954999579
suvarna-33,[Cu].[Ce],299.85,0.6441564478766886
suvarna-34,[Cu].[Ce],249.85,0.48434876801373133
suvarna-35,[Cu].[Zn].[Ga],249.85,0.06454696461391465
suvarna-36,[Cu].[Zn].[Al],259.85,0.6106899921011989
suvarna-39,[Cu].[Zn].[Al].[Y],229.85,0.7380015678810234
suvarna-40,[In].[Zr].[Ni].[Ca],299.85,0.6102536669097423
suvarna-41,[Cu].[Zn].[Zr].[Ce],229.85,0.6239366598937294
suvarna-42,[Cu].[Zn].[Al],259.85,0.6106899921011989
suvarna-45,[In].[Ir],299.85,0.4472135954999579
suvarna-46,[Cu].[Ce],199.85,0.6117011483660574
suvarna-47,[Cu].[Zn].[Zr],229.85,0.6776222220433463
suvarna-48,[Cu].[Ce].[Ni],239.85,0.5925205216390355
suvarna-49,[In].[Pd],279.85,0.4455279090566835
suvarna-50,[In].[Zr].[Ni].[Ca],349.85,0.5822888728010406
suvarna-52,[Cu].[Zn].[S],259.85,0.49930560278885905
suvarna-54,[In].[Pd],279.85,0.4455279090566835
suvarna-57,[Cu].[Zn],229.85,0.5578037887860974
suvarna-59,[In].[Zr].[Ni].[Ca],299.85,0.6102536669097423
suvarna-60,[In].[Ni],299.85,0.3755551446414583
suvarna-61,[In].[Rh],299.85,0.4472135954999579
suvarna-63,[Cu].[Ce].[In],209.85,0.4096720723205072
suvarna-64,[In].[Ce].[Cu],209.85,0.4096720723205072
suvarna-68,[Cu].[Ce].[In],259.85,0.347823611028345
suvarna-69,[In].[Ce].[Cu],259.85,0.347823611028345
suvarna-71,[Cu].[Zn].[Zr].[Ga],249.85,0.12805804517229774
suvarna-72,[In].[Ir],299.85,0.4472135954999579
suvarna-73,[Cu].[Zn].[Zr].[Ga],249.85,0.12805804517229774
suvarna-74,[Cu].[Ce].[In],299.85,0.4361851783821529
suvarna-76,[Cu].[Zn],239.85,0.5381924479924943
suvarna-77,[Cu].[Zn].[Al].[Zr],249.85,0.7067327737560221
suvarna-78,[In].[Pt],274.85,0.4472135954999579
suvarna-80,[Cu].[Zn].[Zr].[Ga],249.85,0.12805804517229774
suvarna-81,[Cu].[Zn].[Zr],229.85,0.6776222220433463
suvarna-82,[Cu].[Zn].[Al].[In],249.85,0.47262069065843487
suvarna-83,[In].[Zn].[Cu],249.85,0.37747293895776923
suvarna-84,[Cu].[Ce].[Ni],259.85,0.5462415793934006
suvarna-86,[In].[Zr].[Si],299.85,0.5606267253601056
suvarna-87,[Cu].[Zn],229.85,0.5578037887860974
suvarna-93,[Cu].[Zn],239.85,0.5381924479924943
suvarna-98,[In].[Ni],274.85,0.38693955887479664
suvarna-99,[In].[Zr].[Ni].[Ca],349.85,0.5822888728010406
suvarna-101,[Cu].[Ce],274.85,0.6938990987254816
suvarna-102,[Cu].[Zn].[Al],249.85,0.6295162937958496
suvarna-103,[In].[Zr].[La],299.85,0.45113940695431765
suvarna-105,[Cu].[Zn].[Al].[Y],229.85,0.7380015678810234
suvarna-106,[Cu].[Zn].[Zr].[Al],239.85,0.7224559988414596
suvarna-107,[In].[Ni],299.85,0.3755551446414583
suvarna-108,[In].[Zr].[Ni].[Ca],299.85,0.6102536669097423
suvarna-110,[Cu].[Zn].[Zr].[Ce],229.85,0.6239366598937294
suvarna-111,[Cu].[Zn].[Al],239.85,0.6482589708177671
suvarna-112,[Cu].[Zn].[Al].[Y],229.85,0.7380015678810234
suvarna-113,[Cu].[Zn].[Al],249.85,0.6295162937958496
suvarna-116,[In].[Rh],274.85,0.4472135954999579
suvarna-117,[Cu].[Al],259.85,0.6912586235635382
suvarna-118,[Cu].[Zn].[Ga],269.85,0.06124816441281732
suvarna-119,[Cu].[Mn],179.85000000000002,0.7478470981853851
suvarna-121,[Cu].[Zn].[Zr].[S],249.85,0.6055491084352511
suvarna-124,[In].[Zr].[Y],299.85,0.5737718764582665
suvarna-125,[Cu].[Zn].[Zr],299.85,0.5612175144569136
suvarna-126,[In].[Ni],274.85,0.38693955887479664
suvarna-127,[In].[Ni],279.85,0.3846896295861264
suvarna-128,[Cu].[Zn],229.85,0.5578037887860974
suvarna-129,[Cu].[Zn].[Zr].[Nd],229.85,0.6280341086455402
suvarna-130,[Pd].[Ti].[Si],399.85,0.7835190425249849
suvarna-132,[In],359.85,0.2
suvarna-134,[Cu].[Zn].[Zr],229.85,0.6776222220433463
suvarna-135,[Cu].[Si].[Zn].[Ga],269.85,0.1210460874593688
suvarna-136,[Cu].[Zn].[Al],249.85,0.6295162937958496
suvarna-139,[In].[Zr].[La],284.85,0.4631711423704356
suvarna-140,[Cu].[Zn].[Al],249.85,0.6295162937958496
suvarna-141,[In],299.85,0.2
suvarna-142,[Cu].[Zn].[Zr].[La],229.85,0.6667375898383058
suvarna-143,[Cu].[Zn].[Zr].[Ce],229.85,0.6239366598937294
suvarna-144,[In],299.85,0.2
suvarna-145,[In],299.85,0.2
suvarna-146,[In],299.85,0.2
suvarna-149,[Cu].[Al],239.85,0.7299519580269197
suvarna-150,[Cu].[Zn].[Zr].[La],229.85,0.6667375898383058
suvarna-151,[In].[Zr].[Y],299.85,0.5737718764582665
suvarna-152,[Cu].[Zn].[Zr].[La],229.85,0.6667375898383058
suvarna-154,[Cu].[Zn].[Zr].[Ga],299.85,0.11530507218573732
suvarna-157,[Cu].[Zn].[Al],249.85,0.6295162937958496
suvarna-158,[In].[Pd],279.85,0.4455279090566835
suvarna-162,[In].[Zr],299.85,0.4472135954999579
suvarna-163,[Cu].[Zr].[In],259.85,0.47096938283620526
suvarna-165,[Cu].[Zn].[Zr].[Ga],209.85,0.1374021250446251
suvarna-166,[Cu].[Zn].[Zr].[Ga],209.85,0.1374021250446251
suvarna-168,[Cu].[C].[In],279.85,0.36295499234645956
suvarna-169,[Cu].[Zn].[Zr].[Ga],299.85,0.11530507218573732
suvarna-171,[Cu].[Zr],259.85,0.7227265592803147
suvarna-172,[In].[Ni],279.85,0.3846896295861264
suvarna-175,[Cu].[Zn].[Al],249.85,0.6295162937958496
suvarna-179,[Cu].[Zn],239.85,0.5381924479924943
suvarna-181,[Cu].[Zr].[In],239.85,0.4838930464343766
suvarna-184,[Cu].[Zn].[Zr].[Ga],259.85,0.12561234647816116
suvarna-185,[In].[Zr].[Ni].[Ca],299.85,0.6102536669097423
suvarna-188,[Cu].[Zn].[Zr],229.85,0.6776222220433463
suvarna-189,[Cu].[Zn].[Al].[Y],229.85,0.7380015678810234
suvarna-191,[In].[Pt],299.85,0.4472135954999579
suvarna-192,[Cu].[Zn].[Zr].[Ga],209.85,0.1374021250446251
suvarna-193,[Cu].[Zn].[Al].[In],249.85,0.47262069065843487
suvarna-194,[In].[Zn].[Cu],249.85,0.37747293895776923
suvarna-195,[Cu].[Zn].[Ce].[Ti],239.85,0.6038364333180846
suvarna-200,[In].[Ce].[Cu],209.85,0.4096720723205072
suvarna-201,[Cu].[Zn].[Al].[Y],229.85,0.7380015678810234
suvarna-202,[Cu].[Zn].[Zr].[La],209.85,0.7030429183978824
suvarna-203,[Pd].[Ti].[Si],399.85,0.7835190425249849
suvarna-204,[In].[Zr],279.85,0.4472135954999579
suvarna-206,[In].[Zr],279.85,0.4472135954999579
suvarna-209,[In],319.85,0.2
suvarna-210,[Cu].[Ce].[In],259.85,0.347823611028345
suvarna-211,[In].[Ce].[Cu],259.85,0.347823611028345
suvarna-214,[Cu].[Si],319.85,0.5740482616954857
suvarna-215,[Cu].[Zn].[Zr].[Ce],239.85,0.6038364333180846
suvarna-217,[Cu].[Al],279.85,0.6520118170394896
suvarna-218,[Cu].[Zn].[Ce].[Ti],279.85,0.6743692065149864
suvarna-221,[Cu].[Zr].[In],239.85,0.4838930464343766
suvarna-222,[Cu].[Si],299.85,0.6183256735257163
suvarna-223,[Cu].[Zn],219.85,0.5774119609349314
suvarna-224,[In].[Zr].[Ni].[Ca],249.85,0.5285838692133327
suvarna-225,[Cu].[Zn].[Zr].[Ga],209.85,0.1374021250446251
suvarna-227,[Cu].[C].[In],279.85,0.36295499234645956
suvarna-228,[In].[Pt],279.85,0.4472135954999579
suvarna-229,[Cu].[C].[In],279.85,0.36295499234645956
suvarna-231,[Cu].[Zn].[Zr].[S],249.85,0.6055491084352511
suvarna-232,[Cu].[Zn].[Al],229.85,0.6669240507363429
suvarna-233,[In].[Zr],279.85,0.4472135954999579
suvarna-235,[Cu].[Si].[Zn].[Ga],259.85,0.12408241075196112
suvarna-236,[Cu].[Zn].[Al],199.85,0.7225054235988737
suvarna-238,[Cu].[Ce].[In],299.85,0.4361851783821529
suvarna-241,[In].[Ce].[Cu],209.85,0.4096720723205072
suvarna-243,[Cu].[Ce],259.85,0.45869456202622705
suvarna-245,[Cu].[Zn].[Zr].[La],249.85,0.6297438541503589
suvarna-246,[Cu].[Zr].[In],239.85,0.4838930464343766
suvarna-247,[In].[Zr].[Y],284.85,0.5787931795698797
suvarna-248,[In].[Zr].[Ni].[Ca],299.85,0.6102536669097423
suvarna-249,[In].[Ir],249.85,0.4472135954999579
suvarna-250,[In],299.85,0.2
suvarna-251,[Cu].[Zn].[Zr].[Nd],229.85,0.6280341086455402
suvarna-253,[Cu].[Al].[Ce],219.85,0.672393331352411
suvarna-254,[Cu].[Ce],279.85,0.68405848742363
suvarna-258,[Cu].[Zn].[Al],219.85,0.6855169605197161
suvarna-259,[Cu].[Zn].[Ga],259.85,0.0629085639284132
suvarna-262,[Cu].[Al].[Ce],239.85,0.6253601502801409
suvarna-263,[Cu].[Zn].[Al].[Y],229.85,0.7380015678810234
suvarna-265,[Cu].[Zn].[Al],259.85,0.6106899921011989
suvarna-267,[In].[Ce].[Cu],259.85,0.347823611028345
suvarna-268,[Cu].[Zn].[Al].[Pd],199.85,0.7836656909049556
suvarna-269,[In],274.85,0.2
suvarna-270,[Cu].[Zn].[Al],249.85,0.6295162937958496
suvarna-271,[In].[Pd],279.85,0.4455279090566835
suvarna-272,[Cu].[Zn].[Al].[Zr],249.85,0.7067327737560221
suvarna-273,[Cu].[C].[In],299.85,0.3514102199213193
suvarna-274,[Cu].[Si],279.85,0.662016018848629
suvarna-275,[In].[Ni],249.85,0.3979984645419851
suvarna-276,[Cu].[C].[In],279.85,0.36295499234645956
suvarna-277,[Cu].[C].[In],279.85,0.36295499234645956
suvarna-278,[Cu].[Zn].[Ce].[P],259.85,0.4732053192796238
suvarna-279,[Cu].[Zn].[Al],249.85,0.6295162937958496
suvarna-280,[In].[Pt],299.85,0.4472135954999579
suvarna-281,[Cu].[Ce].[In],299.85,0.4361851783821529
suvarna-282,[In].[Ce].[Cu],299.85,0.4361851783821529
suvarna-283,[Cu].[Zn].[Ce].[P],239.85,0.507763892176766
suvarna-284,[In],274.85,0.2
suvarna-285,[Cu].[Zn].[Pd],269.85,0.6124816441281732
suvarna-286,[Cu].[Zn].[Al].[Zr],249.85,0.7067327737560221
suvarna-287,[In].[Zr].[Ni].[Ca],299.85,0.6102536669097423
suvarna-288,[In].[Zr].[Y],284.85,0.5787931795698797
suvarna-289,[Cu].[C].[In],279.85,0.36295499234645956
suvarna-290,[Cu].[Zn].[Al],249.85,0.6295162937958496
suvarna-293,[Cu].[Zn].[Al],249.85,0.6295162937958496
suvarna-294,[Cu].[Zr].[In],219.85,0.49616097011529386
suvarna-297,[Cu].[S].[La],259.85,0.5267683285000672
suvarna-298,[Cu].[Al].[Ce],219.85,0.672393331352411
suvarna-300,[In],299.85,0.2
suvarna-301,[Cu].[Zn].[Zr],239.85,0.6616450477378913
suvarna-302,[Cu].[Zn].[Zr],229.85,0.6776222220433463
suvarna-303,[Cu].[Zr],219.85,0.7814818559376598
suvarna-304,[In].[Zr],269.85,0.4472135954999579
suvarna-306,[In].[Zr],349.85,0.4472135954999579
suvarna-307,[In].[Al],349.85,0.3997792571191573
suvarna-309,[Cu].[Ce],239.85,0.5099294578940695
suvarna-312,[In].[Rh],249.85,0.4472135954999579
suvarna-313,[In].[Ru],279.85,0.4472135954999579
suvarna-314,[Cu].[Ce].[Ni],219.85,0.6313822565433629
suvarna-315,[Cu].[Al],259.85,0.6912586235635382
suvarna-316,[Cu].[Al].[Ce],259.85,0.5773778149402999
suvarna-318,[Cu].[Zn].[Zr].[Y],219.85,0.7598762800186168
suvarna-320,[In].[Zr].[Ni].[Ca],249.85,0.5285838692133327
suvarna-324,[Cu].[Al],219.85,0.7681754608735342
suvarna-326,[Cu].[S].[La],239.85,0.5569719978844909
suvarna-327,[Cu].[Zn].[Zr],219.85,0.6934106654022397
suvarna-329,[In].[Zr],279.85,0.4472135954999579
suvarna-330,[In],279.85,0.2
suvarna-332,[Cu].[Ce],299.85,0.6441564478766886
suvarna-333,[In],299.85,0.2
suvarna-334,[Pd].[Ce].[Zn],219.85,0.6551805992497538
suvarna-335,[In].[Ag],279.85,0.2670595506779372
suvarna-336,[In].[Zr].[Ni].[Ca],299.85,0.6102536669097423
suvarna-337,[Cu].[Al].[Ce],259.85,0.5773778149402999
suvarna-338,[Cu].[Al].[Ce],219.85,0.672393331352411
suvarna-339,[In],274.85,0.2
suvarna-340,[Cu].[In],279.85,0.30923892822665744
suvarna-342,[Cu].[Zn].[Pd],289.85,0.5739088638258375
suvarna-343,[Cu].[Zn].[Pd],269.85,0.6124816441281732
suvarna-344,[Cu].[Zn].[Al].[Y],229.85,0.7380015678810234
suvarna-345,[In].[Ir],249.85,0.4472135954999579
suvarna-346,[Cu].[Ce],209.85,0.5863265229628454
suvarna-347,[Cu].[Zn].[Si].[Ga],269.85,0.1210460874593688
suvarna-349,[Cu].[Zn].[Pd],249.85,0.6454696461391465
suvarna-350,[In].[Zr].[Y],269.85,0.5837288380272326
suvarna-351,[In].[Ru],249.85,0.4472135954999579
suvarna-352,[Cu].[Zn].[Zr].[Ce],239.85,0.6038364333180846
suvarna-357,[Cu].[Zn],229.85,0.5578037887860974
suvarna-358,[Cu].[Al],239.85,0.7299519580269197
suvarna-360,[In],279.85,0.2
suvarna-361,[Cu].[Zn].[Zr].[Nd],229.85,0.6280341086455402
suvarna-362,[Cu].[Zn].[Al].[Zr],249.85,0.7067327737560221
suvarna-363,[Pd].[Zn].[Al],249.85,0.7709507401660151
suvarna-366,[Cu].[Zn].[Ce],259.85,0.4645967374443534
suvarna-367,[Cu].[Zn].[Zr].[Ce],199.85,0.6827065099090484
suvarna-368,[Cu].[Zn].[Zr],239.85,0.6616450477378913
suvarna-369,[In],339.85,0.2
suvarna-371,[Cu].[Zn].[Al].[Pd],179.85000000000002,0.6611077987984905
suvarna-372,[Cu].[Ce],259.85,0.45869456202622705
suvarna-374,[Cu].[Zr].[In],219.85,0.49616097011529386
suvarna-376,[Cu].[Si].[Zn],269.85,0.5987805367312121
suvarna-377,[Pd].[Zn].[Al],249.85,0.7709507401660151
suvarna-378,[Cu].[Zn].[Al].[Pd],199.85,0.7836656909049556
suvarna-379,[Cu].[Zn].[Ga],249.85,0.06454696461391465
suvarna-381,[In],339.85,0.2
suvarna-383,[In],359.85,0.2
suvarna-385,[Cu].[Zn].[Zr].[Si],219.85,0.7598762800186168
suvarna-387,[In],349.85,0.2
suvarna-388,[Cu].[Zr],239.85,0.7526777433433686
suvarna-389,[Cu].[Zn].[Zr].[Mn],219.85,0.7014986652780221
suvarna-391,[Pd].[Zn].[Al],249.85,0.7709507401660151
suvarna-396,[Pd].[Ti].[Si],359.85,0.8502150851786473
suvarna-397,[In].[Zr].[La],254.85,0.48551928503281
suvarna-398,[Cu].[Zn].[Pd],199.85,0.7244555466775741
suvarna-401,[Cu].[Zn],229.85,0.5578037887860974
suvarna-403,[Cu].[Si].[Zn],269.85,0.5987805367312121
suvarna-404,[Cu].[Ce],299.85,0.6441564478766886
suvarna-406,[Cu].[Zn].[Zr],199.85,0.7244555466775741
suvarna-408,[Cu].[S],259.85,0.5110448510107319
suvarna-409,[In].[Pt],224.85,0.4472135954999579
suvarna-410,[In].[Zr],324.85,0.4472135954999579
suvarna-411,[In].[Al],324.85,0.4077389908539567
suvarna-412,[In].[Al],324.85,0.4077389908539567
suvarna-414,[In],239.85,0.2
suvarna-416,[Cu].[Zn].[Zr].[Al],229.85,0.7380015678810234
suvarna-417,[Cu].[Zn].[Ce],279.85,0.5913759263866551
suvarna-419,[Cu].[In],279.85,0.30923892822665744
suvarna-420,[In],349.85,0.2
suvarna-421,[Cu].[Zn].[Si],249.85,0.6389375908334541
suvarna-423,[Cu].[In],259.85,0.3232131431390631
suvarna-424,[Cu].[Zn].[Ga],269.85,0.06124816441281732
suvarna-427,[Cu].[C].[In],279.85,0.36295499234645956
suvarna-428,[Cu].[Zn],199.85,0.6166200083842535
suvarna-430,[In],349.85,0.2
suvarna-433,[Cu].[In],239.85,0.3366077198533824
suvarna-434,[Cu].[Zn].[Si].[Ga],259.85,0.12408241075196112
suvarna-435,[Cu].[Zn].[Zr].[Y],199.85,0.7852515573905304
suvarna-436,[Cu].[Zn].[Ga],259.85,0.0629085639284132
suvarna-437,[In].[Zr].[Y],269.85,0.5837288380272326
suvarna-439,[Cu].[Zn],229.85,0.5578037887860974
suvarna-442,[Cu].[Zn].[Si].[Ga],269.85,0.1210460874593688
suvarna-444,[Cu].[C].[In],299.85,0.3514102199213193
suvarna-445,[Pd].[Ti].[Si],359.85,0.8502150851786473
suvarna-446,[Cu].[Al],199.85,0.805995978670958
suvarna-447,[In].[Pt],259.85,0.4472135954999579
suvarna-448,[Cu].[Al].[Ce],259.85,0.5773778149402999
suvarna-449,[In],299.85,0.2
suvarna-452,[Cu].[C].[In],279.85,0.36295499234645956
suvarna-454,[In],339.85,0.2
suvarna-456,[Cu].[Zn].[Al],249.85,0.6295162937958496
suvarna-457,[Cu].[Zn].[Ce],239.85,0.5103785546178833
suvarna-458,[In],299.85,0.2
suvarna-461,[Cu].[Zn].[Zr],179.85000000000002,0.7548416242531069
suvarna-462,[Cu].[C].[In],239.85,0.3840661654750131
suvarna-463,[Cu].[In],279.85,0.30923892822665744
suvarna-465,[In],299.85,0.2
suvarna-466,[Cu].[Al].[Zn].[Zr].[Mn],269.85,0.6650091240397046
suvarna-467,[Cu].[Zn].[Al],199.85,0.7225054235988737
suvarna-470,[In],299.85,0.2
suvarna-471,[Cu].[Zn].[Zr],239.85,0.6616450477378913
suvarna-472,[In].[Al],349.85,0.3997792571191573
suvarna-474,[In],299.85,0.2
suvarna-475,[In].[Pt],259.85,0.4472135954999579
suvarna-476,[Cu].[In],259.85,0.3232131431390631
suvarna-477,[Cu].[Zn].[Pd],229.85,0.6776222220433463
suvarna-478,[Cu].[Zn].[Ga],249.85,0.06454696461391465
suvarna-479,[Cu].[S].[La],219.85,0.5863758401452123
suvarna-480,[Cu].[Al].[Zn].[Zr].[Mn],269.85,0.6650091240397046
suvarna-481,[Pd].[Ce].[Zn],229.92019793188803,0.6360394106775956
suvarna-482,[Cu].[Zn].[Pd],289.85,0.5739088638258375
suvarna-483,[In].[Ag],249.85,0.2930810955148367
suvarna-484,[Cu].[Zr],299.85,0.658751446160504
suvarna-485,[Cu].[Zr].[Ce],239.85,0.6382733831874626
suvarna-487,[Pd].[Ce].[Zn],219.800294714516,0.6552742319371954
suvarna-488,[Cu].[Zr],259.85,0.7227265592803147
suvarna-490,[Cu].[Ce],259.85,0.45869456202622705
suvarna-491,[In],349.85,0.2
suvarna-493,[Cu].[Ce],239.85,0.5099294578940695
suvarna-497,[In].[Zr].[Y],269.85,0.5837288380272326
suvarna-498,[In],249.85,0.2
suvarna-499,[Cu].[C].[In],259.85,0.37380864687950294
suvarna-500,[In].[Al],324.85,0.4077389908539567
suvarna-501,[Cu].[Zn].[Zr],179.85000000000002,0.7548416242531069
suvarna-502,[In],339.85,0.2
suvarna-506,[Pd].[Ce].[Zn],249.75612403625507,0.5972509072674216
suvarna-508,[Pd].[Ce].[Zn],249.75519496549805,0.5972527607733495
suvarna-510,[Cu].[Zn].[Al],179.85000000000002,0.5759211668948204
suvarna-511,[Cu].[Zn].[Al],199.85,0.7225054235988737
suvarna-512,[Cu].[Zn].[Zr].[Si],239.85,0.7313551562321455
suvarna-514,[Pd].[Ce].[Zn],229.933337646876,0.636014206111476
suvarna-515,[Pd].[Ce].[Zn],269.7886813300571,0.7690233441866905
suvarna-516,[Cu].[Al],199.85,0.805995978670958
suvarna-517,[In],299.85,0.2
suvarna-518,[Cu].[Zn].[Si].[Ga],249.85,0.12708486441165848
suvarna-519,[Cu].[Zn].[Al],159.85000000000002,0.6262303836689115
suvarna-520,[In],269.85,0.2
suvarna-521,[In],299.85,0.2
suvarna-522,[Cu].[Zn],229.85,0.5578037887860974
suvarna-523,[Cu].[Zn].[Ga],249.85,0.06454696461391465
suvarna-524,[In],249.85,0.2
suvarna-525,[Cu].[Zn].[Si],269.85,0.5987805367312121
suvarna-526,[In],299.85,0.2
suvarna-527,[Cu].[In],239.85,0.3366077198533824
suvarna-528,[In].[Al],299.85,0.41554628490994927
suvarna-530,[In],249.85,0.2
suvarna-531,[In],339.85,0.2
suvarna-532,[Cu].[Zn].[Zr].[Si],219.85,0.7598762800186168
suvarna-533,[In],249.85,0.2
suvarna-534,[Pd].[Ce].[Zn],259.85,0.5768906221556119
suvarna-535,[Cu].[C].[In],279.85,0.36295499234645956
suvarna-536,[Cu].[Zn].[Pd],269.85,0.6124816441281732
suvarna-537,[In],239.85,0.2
suvarna-542,[Cu].[Zn].[Zr].[Al],229.85,0.7380015678810234
suvarna-543,[Cu].[Zn].[Si].[Ga],249.85,0.12708486441165848
suvarna-544,[Cu].[Zn].[Zr].[Mn],199.85,0.7345854042992312
suvarna-545,[Cu].[Zr].[C].[N],259.85,0.6011349928594719
suvarna-546,[In],299.85,0.2
suvarna-547,[Cu].[Al].[Zn].[Zr].[Mn],269.85,0.6650091240397046
suvarna-548,[In].[Si].[Ni].[Al],259.85,0.6061016097671811
suvarna-549,[In].[Si].[Ni].[Al],259.85,0.6061016097671811
suvarna-550,[Pd].[Ce].[Zn],219.85,0.6551805992497538
suvarna-551,[Cu].[Zn].[Zr],239.85,0.6616450477378913
suvarna-552,[Cu].[Zn].[Zr].[Ce],199.85,0.6827065099090484
suvarna-553,[Pd].[Zn],249.85,0.7028185527681714
suvarna-554,[Cu].[Zn].[Al].[Pd],179.85000000000002,0.6611077987984905
suvarna-555,[In],329.85,0.2
suvarna-556,[Pd].[Ce].[Zn],219.96175393959103,0.6549700524094431
suvarna-557,[In].[Si].[Ni].[Al],259.85,0.6061016097671811
suvarna-558,[In],339.85,0.2
suvarna-559,[In],299.85,0.2
suvarna-561,[Cu].[Zn].[Zr].[Y],179.85000000000002,0.809826306521042
suvarna-562,[Pd].[Zn],249.85,0.7028185527681714
suvarna-563,[Cu].[Zr].[C].[N],299.85,0.573912644119514
suvarna-564,[Cu].[Zn].[Zr],239.85,0.6616450477378913
suvarna-567,[Pd].[Zn],249.85,0.7028185527681714
suvarna-568,[Pd].[Ce].[Zn],269.85895889658207,0.7689349594287445
suvarna-569,[Cu].[Zn].[Al].[Zr],189.85,0.6390414756409533
suvarna-571,[Cu].[Al],219.85,0.7681754608735342
suvarna-573,[Cu].[Si].[Zn],249.85,0.6389375908334541
suvarna-574,[Cu].[Zr].[Ce],219.85,0.6801359180838157
suvarna-575,[Pd].[Ti].[Zn],249.85,0.7904883580456605
suvarna-576,[Cu].[C].[In],279.85,0.36295499234645956
suvarna-578,[Pd].[Ce].[Zn],229.675454149694,0.6365087655762811
suvarna-579,[In],339.85,0.2
suvarna-580,[Cu].[Zn].[Ce],219.85,0.55587050221378
suvarna-582,[Pd].[Ce].[Zn].[Ca],249.85,0.5691000927931482
suvarna-583,[Cu].[Si].[Zn],259.85,0.6188902347706374
suvarna-586,[Cu].[Zn].[Zr],219.85,0.6934106654022397
suvarna-587,[Cu].[Al],279.85,0.6520118170394896
suvarna-588,[In].[Si].[Ni].[Al],244.85,0.6184516798662406
suvarna-589,[Cu].[Zn].[Zr],229.85,0.6776222220433463
suvarna-590,[Cu].[Zn].[Zr].[Al],179.85000000000002,0.6611077987984905
suvarna-591,[Pd].[Ce].[Zn],269.99818678569306,0.7687598311233046
suvarna-593,[In].[Ni],224.85,0.4
suvarna-594,[In],299.85,0.2
suvarna-595,[In],279.85,0.2
suvarna-596,[Cu].[Al],259.85,0.6912586235635382
suvarna-597,[Cu].[Zn].[Zr].[Si],239.85,0.7313551562321455
suvarna-598,[In].[Zr].[Y],254.85,0.5848035476425733
suvarna-602,[Cu].[Al].[Zn].[Zr].[Mn],269.85,0.6650091240397046
suvarna-606,[Cu].[Al].[Zn].[Zr].[Mn],249.85,0.6986187527071208
suvarna-607,[Cu].[Zn].[Zr].[Si],219.85,0.7598762800186168
suvarna-608,[In].[Zr],319.85,0.4472135954999579
suvarna-609,[Pd].[Ce].[Zn],219.62231130241105,0.6556094431408296
suvarna-610,[In],299.85,0.2
suvarna-611,[Cu].[Al],279.85,0.6520118170394896
suvarna-612,[In],329.85,0.2
suvarna-613,[Pd].[Ce].[Zn],249.85,0.5970636048898127
suvarna-614,[Cu].[C],279.85,0.48894967719278576
suvarna-615,[Pd].[Ce].[Zn],229.85,0.6361740537792923
suvarna-616,[In],339.85,0.2
suvarna-618,[Cu].[Zn].[Al],229.85,0.6669240507363429
suvarna-620,[Cu].[Zn].[Pd],169.85000000000002,0.7698045008503781
suvarna-622,[In],299.85,0.2
suvarna-623,[Cu].[Zn].[Zr],199.85,0.7244555466775741
suvarna-624,[Cu].[Zn].[Zr].[W],239.85,0.616895071757654
suvarna-625,[Cu].[Al].[Ba],199.85,0.5672711408292255
suvarna-627,[In].[Al],299.85,0.41554628490994927
suvarna-628,[In],249.85,0.2
suvarna-629,[Pd].[Ce].[Zn],279.85,0.7543695412697861
suvarna-630,[Pd].[Zn].[Al],249.85,0.7709507401660151
suvarna-631,[Cu].[Zn].[Ga],269.85,0.06124816441281732
suvarna-632,[In].[Zr].[Y],254.85,0.5848035476425733
suvarna-635,[Cu].[Zn].[Ga],269.85,0.06124816441281732
suvarna-636,[Cu].[Zn].[Zr],219.85,0.6934106654022397
suvarna-637,[In].[Al],249.85,0.4307365498563782
suvarna-639,[Cu].[Zr].[C],279.85,0.6206443066386704
suvarna-642,[Cu].[Zr].[C],239.85,0.6567439048946244
suvarna-643,[In].[Zr],319.85,0.4472135954999579
suvarna-644,[In],259.85,0.2
suvarna-645,[In].[Si].[Ni].[Al],274.85,0.5935190041768288
suvarna-646,[Cu].[Zn].[Zr],229.85,0.6776222220433463
suvarna-647,[Pd].[Zn],249.85,0.7028185527681714
suvarna-648,[Cu].[Zn],239.85,0.5381924479924943
suvarna-649,[In].[Pt],259.85,0.4472135954999579
suvarna-651,[Cu].[Zn].[Ga],259.85,0.0629085639284132
suvarna-652,[Cu].[Zn].[Al].[Zr],189.85,0.6390414756409533
suvarna-654,[Cu].[Si].[Zn].[Ga],189.85,0.1418416561530134
suvarna-655,[Pd].[Ce].[Zn],219.91264591388008,0.6550625780332487
suvarna-656,[Cu].[Zn].[Al].[Pd],159.85000000000002,0.7039642446823837
suvarna-657,[Cu].[Zn].[Ga],259.85,0.0629085639284132
suvarna-658,[Cu].[Zn].[Ga],269.85,0.06124816441281732
suvarna-660,[Cu].[Al].[Zn].[Zr].[Mn],249.85,0.6986187527071208
suvarna-662,[Cu].[Zn].[Zr],229.85,0.6776222220433463
suvarna-663,[Pd].[Ce].[Zn].[Ca],219.85,0.6337415650832869
suvarna-664,[Cu].[Zn].[Al],159.85000000000002,0.6262303836689115
suvarna-665,[Cu].[Zn].[Zr],159.85000000000002,0.7846219990977562
suvarna-666,[Cu].[Zn].[Zr],239.85,0.6616450477378913
suvarna-667,[Cu].[Zn].[Ti],239.85,0.6616450477378913
suvarna-668,[Cu].[Si].[Zn].[Ga],269.85,0.1210460874593688
suvarna-670,[Cu].[Zn].[Ti],239.85,0.6616450477378913
suvarna-672,[Cu].[Zn].[Ga],269.85,0.06124816441281732
suvarna-673,[Cu].[Zn].[Ti],239.85,0.6616450477378913
suvarna-674,[Pd].[Ce].[Zn],259.85,0.5768906221556119
suvarna-675,[Cu].[Zn].[Zr],229.85,0.6776222220433463
suvarna-676,[In],299.85,0.2
suvarna-677,[Cu].[Zn].[Ti],219.85,0.6934106654022397
suvarna-678,[Cu].[Al].[Zn].[Zr].[Mn],249.85,0.6986187527071208
suvarna-679,[Pd].[Ce].[Zn],199.85,0.692233870319431
suvarna-681,[Cu].[Zn].[Al],229.85,0.6669240507363429
suvarna-682,[Cu].[Zn].[Zr].[Ti],219.85,0.7598762800186168
suvarna-684,[Cu].[C].[In],279.85,0.36295499234645956
suvarna-685,[Cu].[Zr].[C],259.85,0.6392037948237131
suvarna-686,[In],339.85,0.2
suvarna-687,[Cu].[C].[In],279.85,0.36295499234645956
suvarna-689,[Cu].[Zn].[Zr].[Nd],229.85,0.6280341086455402
suvarna-690,[Cu].[Zn].[Zr],209.85,0.7090190968296305
suvarna-691,[Cu].[Zn].[Ti],219.85,0.6934106654022397
suvarna-692,[Cu].[Zn].[Zr],239.85,0.6616450477378913
suvarna-694,[Cu].[Zn].[Zr],239.85,0.6616450477378913
suvarna-696,[Cu].[Zn].[Ga],269.85,0.06124816441281732
suvarna-697,[Cu].[Zn].[Ga],249.85,0.06454696461391465
suvarna-698,[Cu].[Zn].[Ga],259.85,0.0629085639284132
suvarna-699,[Cu].[Zn].[Ga],259.85,0.0629085639284132
suvarna-701,[In].[Zr],279.85,0.4472135954999579
suvarna-702,[Cu].[Zr].[Pd],249.85,0.8165454172341683
suvarna-703,[Cu].[Zn],239.85,0.5381924479924943
suvarna-704,[In],329.85,0.2
suvarna-707,[Cu].[Ce],199.85,0.6117011483660574
suvarna-710,[In].[Zr].[Y],254.85,0.5848035476425733
suvarna-711,[Cu].[Zn].[Zr].[Cr],239.85,0.616895071757654
suvarna-712,[Cu].[Zn].[Zr].[Si],239.85,0.7313551562321455
suvarna-713,[Cu].[Ti].[Pd],249.85,0.8165454172341683
suvarna-714,[Cu].[Zr].[C].[N],299.85,0.573912644119514
suvarna-715,[In],339.85,0.2
suvarna-716,[Cu].[Zn].[Zr],229.85,0.6776222220433463
suvarna-718,[Cu].[Si],249.85,0.7266820664015866
suvarna-719,[Cu].[Si],249.85,0.7266820664015866
suvarna-720,[Cu].[Al].[Ba],229.85,0.7645581854705095
suvarna-721,[Cu].[Zr],249.85,0.7378541403331786
suvarna-724,[Cu].[Zn].[Zr].[Si],259.85,0.6977666729507104
suvarna-725,[Cu].[Zn].[Zr],219.85,0.6934106654022397
suvarna-727,[Cu].[Zn].[Zr].[Si],219.85,0.7598762800186168
suvarna-728,[Cu].[Zr].[C],219.85,0.6733940389738863
suvarna-730,[Cu].[Zn].[Al].[N],199.85,0.6589816702393027
suvarna-731,[Cu].[Zn].[Al].[Zr],189.85,0.6390414756409533
suvarna-732,[Cu].[Zn].[Al],239.85,0.6482589708177671
suvarna-734,[In].[Ga],319.85,0.01414213562373095
suvarna-736,[Cu].[Zn].[Ti],239.85,0.6616450477378913
suvarna-737,[Cu].[Zn].[Zr],239.85,0.6616450477378913
suvarna-739,[Pd].[Ce].[Zn],219.85,0.6551805992497538
suvarna-740,[Cu].[Zn].[Al],229.85,0.6669240507363429
suvarna-741,[Cu].[Al].[Pd],249.85,0.7963637761246918
suvarna-742,[In].[Ga],319.85,0.01414213562373095
suvarna-744,[Pd].[Zn].[Al],219.85,0.8079892910317544
suvarna-745,[Cu].[Al],229.85,0.74911792275798
suvarna-746,[Cu].[Zr].[C].[N],219.85,0.6250927354951663
suvarna-747,[Cu].[Zn].[Zr].[Mg],199.85,0.7822998336830328
suvarna-748,[Cu].[Zn].[Al],229.85,0.6669240507363429
suvarna-749,[Cu].[Zn].[Ti],259.85,0.6290856392841319
suvarna-751,[In],299.85,0.2
suvarna-752,[Cu].[Zn].[Ga],259.85,0.0629085639284132
suvarna-753,[Cu].[Zn].[Ti],259.85,0.6290856392841319
suvarna-755,[Cu].[Zn],259.85,0.49895876590765476
suvarna-756,[Cu].[Si],259.85,0.7052284160249657
suvarna-761,[Cu].[Zn],259.85,0.49895876590765476
suvarna-762,[Cu].[Zn],239.85,0.5381924479924943
suvarna-764,[In].[Zr],359.85,0.4472135954999579
suvarna-765,[Cu].[Zn].[Al],239.85,0.6482589708177671
suvarna-766,[Cu].[Zn].[Si],239.85,0.6589277081326391
suvarna-767,[Cu].[Zn].[Pd],239.85,0.6616450477378913
suvarna-768,[In].[Zr],279.85,0.4472135954999579
suvarna-769,[Cu].[Zn],219.85,0.5774119609349314
suvarna-770,[Pd].[Zn],249.85,0.7028185527681714
suvarna-772,[Cu].[Ti].[Pd],249.85,0.8165454172341683
suvarna-774,[Cu].[Zn].[Ti],199.85,0.7244555466775741
suvarna-775,[Cu].[Zn].[Ce],199.85,0.6011442887827422
suvarna-777,[Cu].[Zn].[Zr].[Nd],249.85,0.6055491084352511
suvarna-778,[Cu].[Al].[Zn].[Zr].[Mn],289.85,0.6307008909214543
suvarna-779,[In].[Ir],199.85,0.4472135954999579
suvarna-780,[Cu].[Zn].[Zr].[Ti],259.85,0.7063701337879842
suvarna-781,[Cu].[Al].[Zn].[Zr].[Mn],249.85,0.6986187527071208
suvarna-782,[Cu].[Zn].[Ti],219.85,0.6934106654022397
suvarna-783,[Cu].[Si],269.85,0.6836762732682174
suvarna-785,[Cu].[Zr].[Ce],199.85,0.7205976871670206
suvarna-786,[Cu].[Zn].[Al],219.85,0.6855169605197161
suvarna-787,[Cu].[Zn].[Zr],259.85,0.6290856392841319
suvarna-789,[Cu].[Zn].[Ga],269.85,0.06124816441281732
suvarna-790,[Cu].[Zn].[Ga],249.85,0.06454696461391465
suvarna-791,[Cu].[Zn].[Zr],239.85,0.6616450477378913
suvarna-792,[Cu].[Zn].[Ti],259.85,0.6290856392841319
suvarna-793,[In].[Si].[Ni].[Al],289.85,0.5808336562738764
suvarna-794,[In].[Zr],269.85,0.4472135954999579
suvarna-795,[Cu].[Ti].[Pd],249.85,0.8165454172341683
suvarna-796,[Cu].[Zn].[Zr],209.85,0.7090190968296305
suvarna-797,[Cu].[Zn].[Zr].[Nd],209.85,0.6497345341007965
suvarna-799,[Pd].[Zn].[Al],199.85,0.8319844919717494
suvarna-802,[In].[Rh],199.85,0.4472135954999579
suvarna-803,[Cu].[Zn].[Zr],179.85000000000002,0.7548416242531069
suvarna-804,[Cu].[Zn].[Ti],199.85,0.7244555466775741
suvarna-805,[Cu].[Zn],259.85,0.49895876590765476
suvarna-806,[Cu].[Al].[Ba],229.85,0.7645581854705095
suvarna-809,[Cu].[Al].[Ba],279.85,0.6790080210279879
suvarna-810,[Cu].[Al].[Zn].[Zr].[Mn],269.85,0.6650091240397046
suvarna-811,[Pd].[Ti].[Zn],224.85,0.8129476307165887
suvarna-813,[In].[Zr],359.85,0.4472135954999579
suvarna-814,[Pd].[Zn],224.85,0.7329829194942094
suvarna-815,[Cu].[Al].[Ba],259.85,0.7135773847022239
suvarna-816,[Cu].[Zn].[Zr],219.85,0.6934106654022397
suvarna-817,[Cu].[Zn].[Pd],219.85,0.6934106654022397
suvarna-818,[In].[Zr],279.85,0.4472135954999579
suvarna-820,[In],249.85,0.2
suvarna-821,[Cu].[Al],279.85,0.6520118170394896
suvarna-822,[Cu].[Zn].[Zr],259.85,0.6290856392841319
suvarna-823,[Cu].[Zn].[Ga],249.85,0.06454696461391465
suvarna-825,[Cu].[Zn].[Al],219.85,0.6855169605197161
suvarna-828,[Cu].[Zn].[Zr],199.85,0.7244555466775741
suvarna-829,[Pd].[Zn],224.85,0.7329829194942094
suvarna-830,[Pd].[Zn].[Al],219.85,0.8079892910317544
suvarna-831,[Cu].[Zn].[Ga],259.85,0.0629085639284132
suvarna-832,[In].[Ga],339.85,0.01414213562373095
suvarna-833,[Cu].[Zr],249.85,0.7378541403331786
suvarna-835,[Cu].[Ti].[Pd],249.85,0.8165454172341683
suvarna-836,[Cu].[Al].[Ba],169.85000000000002,0.5032245084188132
suvarna-837,[Pd].[Zn].[C],249.85,0.6274110255651482
suvarna-838,[Cu].[Zn].[Ga],259.85,0.0629085639284132
suvarna-839,[Cu].[Zn].[Zr],239.85,0.6616450477378913
suvarna-841,[Pd].[Ti],199.85,1.0
suvarna-842,[In].[Ag],224.85,0.3131181342529889
suvarna-843,[In],224.85,0.2
suvarna-845,[In].[Al],299.85,0.41554628490994927
suvarna-846,[In],224.85,0.2
suvarna-847,[Cu].[Si].[Pd],249.85,0.8082821009699772
suvarna-850,[Pd].[Si].[Cu],249.85,0.8082821009699772
suvarna-854,[Cu].[Zn].[Zr],239.85,0.6616450477378913
suvarna-855,[Cu].[Zn].[Al],219.85,0.6855169605197161
suvarna-856,[Cu].[Zn].[Al].[N],199.85,0.6589816702393027
suvarna-858,[Cu].[C].[In],279.85,0.36295499234645956
suvarna-859,[In],239.85,0.2
suvarna-860,[In].[Zr],249.85,0.4472135954999579
suvarna-865,[Cu].[Zr].[C],219.85,0.6733940389738863
suvarna-867,[Pd].[Zn],249.85,0.7028185527681714
suvarna-868,[Pd].[Zn],224.85,0.7329829194942094
suvarna-870,[Pd].[Si].[Cu],249.85,0.8082821009699772
suvarna-872,[Cu].[Zn].[Ga],249.85,0.06454696461391465
suvarna-873,[Pd].[Zn],224.85,0.7329829194942094
suvarna-874,[In].[Ga],319.85,0.01414213562373095
suvarna-876,[Cu].[Zn].[Zr].[Si],259.85,0.6977666729507104
suvarna-878,[Pd].[Zn].[C],259.85,0.6199886839996331
suvarna-879,[Cu].[Al].[Zn].[Zr].[Mn],249.85,0.6986187527071208
suvarna-880,[In].[Al],249.85,0.4307365498563782
suvarna-881,[Pd].[Zn].[C],239.85,0.6346617890099971
suvarna-882,[In],249.85,0.2
suvarna-883,[Cu].[Al].[Ba],199.85,0.5672711408292255
suvarna-884,[In].[Ce],279.85,0.4424142143722913
suvarna-885,[Cu].[Ti].[Pd],249.85,0.8165454172341683
suvarna-887,[Cu].[Zn].[Zr],219.85,0.6934106654022397
suvarna-888,[Pd].[Zn].[Al],179.85000000000002,0.6489100409162609
suvarna-889,[In],239.85,0.2
suvarna-890,[Pd].[Zn].[C],259.85,0.6199886839996331
suvarna-892,[Pd].[Zn].[C],239.85,0.6346617890099971
suvarna-894,[Cu].[Zr].[C],219.85,0.6733940389738863
suvarna-895,[Cu].[Zn].[Zr],259.85,0.6290856392841319
suvarna-896,[Cu].[S],259.85,0.5110448510107319
suvarna-897,[In].[Pt],219.85,0.4472135954999579
suvarna-898,[Cu].[Ce].[Pd],249.85,0.6167447570960024
suvarna-899,[Cu].[Al].[Zn].[Zr].[Mn],229.85,0.7316080891532571
suvarna-900,[Cu].[S],219.85,0.5525911197077679
suvarna-902,[Cu].[Ce].[Pd],229.85,0.6593931290881067
suvarna-903,[In].[Ru],199.85,0.4472135954999579
suvarna-904,[In].[Si].[Ni].[Al],259.85,0.6061016097671811
suvarna-905,[In].[Zr],289.85,0.4472135954999579
suvarna-906,[Cu].[S],239.85,0.5322235363662837
suvarna-908,[Pd].[Zn],259.85,0.6903838796300967
suvarna-909,[Pd].[Ce],239.85,0.677487095113216
suvarna-910,[In].[Zr],399.85,0.43617010546603907
suvarna-911,[Cu].[Zn].[Ga],249.85,0.06454696461391465
suvarna-913,[In],339.85,0.2
suvarna-914,[Cu].[Ce].[Pd],209.85,0.7005293896932635
suvarna-915,[Pd].[Zn].[Al],199.85,0.8319844919717494
suvarna-917,[Pd].[Zn],224.85,0.7329829194942094
suvarna-919,[Cu].[Zn].[Zr],219.85,0.6934106654022397
suvarna-920,[In].[Ga],339.85,0.01414213562373095
suvarna-923,[In].[Zr],399.85,0.43617010546603907
suvarna-924,[Cu].[Zn].[Zr],159.85000000000002,0.7846219990977562
suvarna-925,[Pd].[Ce],259.85,0.6346723475652968
suvarna-927,[In].[Ga],339.85,0.01414213562373095
suvarna-930,[Cu].[Zn].[Zr],239.85,0.6616450477378913
suvarna-932,[Pd].[Ce],249.85,0.6564288814521299
suvarna-934,[Cu].[Al],279.85,0.6520118170394896
suvarna-935,[Pd].[S].[Cu],249.85,0.6480925271486655
suvarna-936,[Pd].[Zn],249.85,0.7028185527681714
suvarna-937,[Cu].[Al],229.85,0.74911792275798
suvarna-938,[In],399.85,0.2
suvarna-939,[Cu].[Al],259.85,0.6912586235635382
suvarna-940,[Cu].[Zn].[Zr],199.85,0.7244555466775741
suvarna-942,[Cu].[S],279.85,0.48894967719278576
suvarna-943,[Cu].[Ce].[Pd],269.85,0.7911418800460719
suvarna-944,[Pd].[Zn],274.85,0.6713001385073887
suvarna-945,[Cu].[Al],259.85,0.6912586235635382
suvarna-946,[Cu].[Zn].[Al],159.85000000000002,0.6262303836689115
suvarna-947,[Cu].[Al],279.85,0.6520118170394896
suvarna-948,[In].[Ga],319.85,0.01414213562373095
suvarna-950,[In],399.85,0.2
suvarna-953,[Cu].[Al],169.85000000000002,0.5860784080056772
suvarna-955,[In].[Ga],359.85,0.01414213562373095
suvarna-956,[Cu].[Zn].[Zr],219.85,0.6934106654022397
suvarna-957,[Pd].[Ti],174.85000000000002,1.0
suvarna-959,[In].[Al],249.85,0.4307365498563782
suvarna-960,[Cu].[Ce],269.85,0.7036902967346788
suvarna-961,[Cu].[Ce].[Pd],249.85,0.6167447570960024
suvarna-962,[In].[Pt],219.85,0.4472135954999579
suvarna-963,[Pd].[Ce],279.85,0.9855393993312113
suvarna-964,[Cu].[Ce].[Pd],249.85,0.6167447570960024
suvarna-965,[Cu].[Ce].[Pd],229.85,0.6593931290881067
suvarna-968,[Cu].[Ce],249.85,0.48434876801373133
suvarna-969,[Cu].[Zn].[Zr],259.85,0.6290856392841319
suvarna-970,[Pd].[Si].[Cu],249.85,0.8082821009699772
suvarna-974,[Cu].[Zn].[Pd].[Na],239.85,0.1304574242869296
suvarna-975,[In],224.85,0.2
suvarna-977,[Pd].[Ce],259.85,0.6346723475652968
suvarna-978,[Cu].[Ce],229.85,0.5354471683439863
suvarna-979,[Pd].[Zn],199.85,0.7619540684485925
suvarna-980,[Pd].[Ce],229.85,0.697910203167566
suvarna-981,[Cu].[Al],199.85,0.805995978670958
suvarna-982,[In],339.85,0.2
suvarna-983,[In].[Pt],219.85,0.4472135954999579
suvarna-984,[In].[Ce],289.85,0.4398671913969212
suvarna-985,[In].[Ga],359.85,0.01414213562373095
suvarna-988,[Cu].[Al].[Ba],169.85000000000002,0.5032245084188132
suvarna-990,[Pd].[Zn],199.85,0.7619540684485925
suvarna-991,[Cu].[Ce].[Pd],209.85,0.7005293896932635
suvarna-993,[Cu].[Al],169.85000000000002,0.5860784080056772
suvarna-994,[Cu].[Si],269.85,0.6836762732682174
suvarna-995,[Cu].[Si],259.85,0.7052284160249657
suvarna-996,[Pd].[Zn],199.85,0.7619540684485925
suvarna-997,[Cu].[Zn].[Pd].[Na],219.85,0.13512723429340773
suvarna-998,[Pd].[Ti].[Zn],199.85,0.834230111320644
suvarna-999,[Pd].[Si],249.85,0.9848586958845994
suvarna-1000,[Cu].[Al].[Ba],259.85,0.7135773847022239
suvarna-1001,[In].[Zr].[Ni].[Sn],249.85,0.530497326269861
suvarna-1003,[In].[Zr].[Ni].[Sn],249.85,0.530497326269861
suvarna-1005,[Cu].[Al].[Ba],199.85,0.5672711408292255
suvarna-1006,[In].[Ir],199.85,0.4472135954999579
suvarna-1007,[Pd].[Si].[Cu],249.85,0.8082821009699772
suvarna-1008,[Pd].[Zn],274.85,0.6713001385073887
suvarna-1009,[Cu].[Zn].[Zr],199.85,0.7244555466775741
suvarna-1010,[In].[Ga],359.85,0.01414213562373095
suvarna-1012,[Cu].[Zn].[Al].[Zr],199.85,0.7836656909049556
suvarna-1013,[Cu].[Al].[K],199.85,0.08660744964660863
suvarna-1014,[Pd].[Zn],199.85,0.7619540684485925
suvarna-1015,[Cu].[Zn].[Zr].[Si],259.85,0.6977666729507104
suvarna-1016,[Pd].[Ce],219.85,0.7177524220271518
suvarna-1017,[Pd].[Ce],239.85,0.677487095113216
suvarna-1018,[Cu].[Zn].[Al].[N],199.85,0.6589816702393027
suvarna-1020,[Cu].[Al].[K],259.85,0.07817964754083064
suvarna-1022,[In].[Ga],359.85,0.01414213562373095
suvarna-1023,[Pd].[Si],249.85,0.9848586958845994
suvarna-1024,[In].[Ce],269.85,0.44494665757806035
suvarna-1025,[Cu].[Al].[Ba],169.85000000000002,0.5032245084188132
suvarna-1026,[Cu].[Si],169.85000000000002,0.8492285650801131
suvarna-1027,[Cu].[Zn].[Pd].[Na],199.85,0.13963966762085778
suvarna-1029,[Cu].[Al].[Ba],229.85,0.7645581854705095
suvarna-1030,[Pd].[Ti].[Si],279.85,0.968945839504272
suvarna-1031,[Cu].[Al].[Ba],279.85,0.6790080210279879
suvarna-1032,[Pd].[Si].[Cu].[Zn],249.85,0.7146507106488786
suvarna-1033,[Pd].[Si].[Cu].[Zn],274.85,0.672079772200308
suvarna-1034,[In].[Ga],359.85,0.01414213562373095
suvarna-1036,[In],399.85,0.2
suvarna-1037,[Cu].[Al],279.85,0.6520118170394896
suvarna-1038,[Cu].[Al].[Zr],249.85,0.7963637761246918
suvarna-1039,[Cu].[Zn],199.85,0.6166200083842535
suvarna-1040,[In].[Zr].[Ni].[Sn],249.85,0.530497326269861
suvarna-1042,[Pd].[Ti].[Si],279.85,0.968945839504272
suvarna-1043,[Cu].[Zn],199.85,0.6166200083842535
suvarna-1044,[Pd].[Ce],219.85,0.7177524220271518
suvarna-1045,[Cu].[Al],259.85,0.6912586235635382
suvarna-1047,[Pd].[Si].[Zn],224.85,0.8129476307165887
suvarna-1048,[Pd].[Si].[Zn],249.85,0.782488735283931
suvarna-1049,[Cu].[Al],229.85,0.74911792275798
suvarna-1050,[Cu].[Al].[Mg],229.85,0.8097248489561255
suvarna-1051,[In],199.85,0.2
suvarna-1052,[Cu].[Al].[K],229.85,0.08248344508702271
suvarna-1053,[Cu].[Al].[Mg],229.85,0.8097248489561255
suvarna-1055,[Cu].[Al].[K],199.85,0.08660744964660863
suvarna-1056,[Cu].[Al].[K],199.85,0.08660744964660863
suvarna-1057,[In],219.85,0.2
suvarna-1058,[Cu].[Zn].[Al].[N],199.85,0.6589816702393027
suvarna-1059,[Pd].[Zn],174.85000000000002,0.789863307528885
suvarna-1060,[Cu].[Al].[K],229.85,0.08248344508702271
suvarna-1061,[Pd].[Si].[Cu].[Zn],224.85,0.7533978035644974
suvarna-1062,[Cu].[Al].[K],259.85,0.07817964754083064
suvarna-1063,[Pd].[S],399.85,0.6306918552637676
suvarna-1065,[Cu].[Zn],199.85,0.6166200083842535
suvarna-1067,[Cu].[Al].[K],169.85000000000002,0.07003317477382166
suvarna-1068,[Cu].[Zn],179.85000000000002,0.6558186467335128
suvarna-1073,[Cu].[Zn],199.85,0.6166200083842535
suvarna-1074,[Pd].[Ti].[Zn],174.85000000000002,0.8544788016577961
suvarna-1075,[In],199.85,0.2
suvarna-1077,[Cu].[Al].[K],199.85,0.08660744964660863
suvarna-1078,[Pd].[Si].[Cu],249.85,0.8082821009699772
suvarna-1079,[Pd].[Si].[Cu].[Zn],249.85,0.7146507106488786
suvarna-1080,[Cu].[Zn],179.85000000000002,0.6558186467335128
suvarna-1081,[Cu].[Al].[K],259.85,0.07817964754083064
suvarna-1082,[Pd].[Ce],199.85,0.7558758592564929
suvarna-1083,[Cu].[Al].[K],279.85,0.0751917705433955
suvarna-1084,[Cu].[Al].[Mg],279.85,0.7208344501289499
suvarna-1087,[Cu].[Al].[K],169.85000000000002,0.07003317477382166
suvarna-1088,[In],199.85,0.2
suvarna-1089,[Cu].[Al].[K],229.85,0.08248344508702271
suvarna-1090,[Cu].[Zn],199.85,0.6166200083842535
suvarna-1091,[Pd].[Si].[Cu].[Zn],199.85,0.7852515573905304
suvarna-1092,[In],199.85,0.2
suvarna-1093,[Cu].[Zn],159.85000000000002,0.6950094680085015
suvarna-1094,[Cu].[Zn],179.85000000000002,0.6558186467335128
suvarna-1095,[Cu].[Zn],179.85000000000002,0.6558186467335128
suvarna-1096,[In].[Zr].[Ni].[Sn],249.85,0.530497326269861
suvarna-1097,[Cu].[Al],199.85,0.805995978670958
suvarna-1098,[Cu].[Al].[K],199.85,0.08660744964660863
suvarna-1099,[Cu].[Al].[K],279.85,0.0751917705433955
suvarna-1101,[Cu].[Si].[Pd],279.85,0.7576796273177733
suvarna-1102,[Cu].[Zn],179.85000000000002,0.6558186467335128
suvarna-1103,[Cu].[Zn],159.85000000000002,0.6950094680085015
suvarna-1105,[In].[Si].[Ni].[Al],229.85,0.6249518388205598
suvarna-1109,[Pd].[Zn],174.85000000000002,0.789863307528885
suvarna-1110,[Pd].[Ce],239.85,0.677487095113216
suvarna-1111,[Cu].[Si].[Pd],319.85,0.6734405407397788
suvarna-1112,[Pd].[Si].[Cu].[Zn],249.85,0.7146507106488786
suvarna-1113,[Cu].[Zn],159.85000000000002,0.6950094680085015
suvarna-1114,[Cu].[Si].[Pd],339.85,0.6301411350616584
suvarna-1117,[Cu].[Si].[Pd],259.85,0.7922943072041112
suvarna-1118,[Cu].[Zn],179.85000000000002,0.6558186467335128
suvarna-1119,[Cu].[Zn],159.85000000000002,0.6950094680085015
suvarna-1121,[Cu].[Al].[K],169.85000000000002,0.07003317477382166
suvarna-1123,[Cu].[Zn],179.85000000000002,0.6558186467335128
suvarna-1124,[In],269.85,0.2
suvarna-1125,[Pd].[Si].[Cu].[Zn],224.85,0.7533978035644974
suvarna-1126,[Pd].[Si].[Cu].[Zn],199.85,0.7852515573905304
suvarna-1127,[In],289.85,0.2
suvarna-1129,[Cu].[Si].[Pd],239.85,0.8240471973997081
suvarna-1130,[Cu].[Zn],179.85000000000002,0.6558186467335128
suvarna-1131,[Cu].[Zn],159.85000000000002,0.6950094680085015
suvarna-1132,[Pd].[Si].[Cu].[Zn],199.85,0.7852515573905304
suvarna-1133,[Cu].[Al].[Ba],169.85000000000002,0.5032245084188132
suvarna-1134,[Cu].[Si].[Zn],249.85,0.6389375908334541
suvarna-1135,[Cu].[Si].[Zn],224.85,0.6855394730417552
suvarna-1136,[In],199.85,0.2
suvarna-1137,[Cu].[Si].[Zn],274.85,0.5887005379449276
suvarna-1139,[Pd].[Ti].[Si],239.85,0.9958930553254459
suvarna-1140,[In],249.85,0.2
suvarna-1141,[Zn].[Zr].[Ga],319.85,0.07196383214863987
suvarna-1145,[Zn].[Zr].[La],319.85,0.5340948445663591
suvarna-1147,[Zn].[Zr].[Mg],319.85,0.6760394431652209
suvarna-1149,[Zn].[Zr].[Mn],319.85,0.5819526001606994
suvarna-1150,[Zn].[Zr],319.85,0.6104799751677734
suvarna-1154,[Zn].[Zr].[Pd],259.85,0.7811367936677585
suvarna-1155,[Zn].[Zr].[Pd],299.85,0.7311755829865555
suvarna-1156,[Zn].[Zr].[Pd],339.85,0.6710721285070583
suvarna-1157,[Zn].[Zr].[Pd],259.85,0.7811367936677585
suvarna-1158,[Zn].[Zr].[Pd],299.85,0.7311755829865555
suvarna-1160,[Zn].[Zr],319.85,0.6104799751677734
suvarna-1162,[Zn].[Zr],259.85,0.6903838796300967
suvarna-1163,[Zn].[Zr],289.85,0.651657771124518
suvarna-1165,[Zn].[Zr],319.85,0.6104799751677734
suvarna-1168,[Zn].[Zr],289.85,0.651657771124518
suvarna-1169,[Zn].[Zr].[Cu],259.85,0.6290856392841319
suvarna-1172,[Zn].[Zr].[Cu],259.85,0.6290856392841319
suvarna-1173,[Zn].[Zr].[Cu],289.85,0.5785622182236402
suvarna-1174,[Zn].[Zr].[Cu],319.85,0.5256717272046794
suvarna-1176,[Zn].[Zr].[Cu],289.85,0.5785622182236402
suvarna-1177,[Zn].[Zr].[Cu],319.85,0.5256717272046794
suvarna-1178,[Zn].[Zr].[Cu],259.85,0.6290856392841319
suvarna-1179,[Zn].[Zr].[Cu],289.85,0.5785622182236402
suvarna-1180,[Zn].[Zr].[Cu],319.85,0.5256717272046794
suvarna-1182,[Zn].[Zr].[Pd],289.85,0.7456000272303631
suvarna-1185,[Zn].[Zr].[Al],319.85,0.6783818060984543
suvarna-1186,[Zn].[Zr].[Cr],319.85,0.5711773142820692
suvarna-1188,[Zn].[Zr].[Mg],319.85,0.6760394431652209
suvarna-1190,[Zn].[Zr],239.85,0.7150370165083693
suvarna-1191,[Zn].[Zr],279.85,0.6648171684974883
suvarna-1192,[Zn].[Zr],314.85,0.6175336497000523
suvarna-1193,[Zn].[Zr],339.85,0.5814101532969296
suvarna-1196,[Zn].[Zr],239.85,0.7150370165083693
suvarna-1197,[Zn].[Zr],279.85,0.6648171684974883
suvarna-1198,[Zn].[Zr],314.85,0.6175336497000523
suvarna-1201,[In],319.85,0.2
suvarna-1202,[In],279.85,0.2
suvarna-1204,[In],319.85,0.2
suvarna-1205,[In],299.85,0.2
suvarna-1207,[In].[Pd],279.85,0.4455279090566835
suvarna-1208,[In].[Pd],319.85,0.43054195382690336
suvarna-1209,[In].[Pd],299.85,0.4380990137819919
suvarna-1210,[In].[Pd],299.85,0.4380990137819919
suvarna-1212,[In].[Pd],299.85,0.4380990137819919
suvarna-1213,[Zn].[Zr],279.85,0.6648171684974883
suvarna-1216,[Zn].[Zr],299.85,0.6382271020608037
suvarna-1217,[Zn].[Zr],299.85,0.6382271020608037
suvarna-1218,[Zn].[Zr],339.85,0.5814101532969296
suvarna-1219,[Zn].[Zr],319.85,0.6104799751677734
suvarna-1220,[Cu].[Zn].[Al],239.85,0.6482589708177671
suvarna-1222,[Cu].[Zn].[Al],199.85,0.7225054235988737
suvarna-1223,[Cu].[Zn].[Al],219.85,0.6855169605197161
suvarna-1224,[Cu].[Zn].[Al],219.85,0.6855169605197161
suvarna-1229,[Cu].[Zn].[Al],199.85,0.7225054235988737
suvarna-1230,[Cu].[Zn].[Al],219.85,0.6855169605197161
suvarna-1231,[Cu].[Zn].[Al],239.85,0.6482589708177671
suvarna-1232,[Cu].[Zn].[Al],239.85,0.6482589708177671
suvarna-1233,[Zn].[Zr],269.85,0.6777210963154835
themecat-5,[Cu].[Zn].[Al],239.85,0.6482589708177671
themecat-6,[Cu].[Zn].[Zr],239.85,0.6616450477378913
themecat-17,[Cu].[Zr],199.85,0.8092613897839639
themecat-49,[Pd].[Zn],249.85,0.7028185527681714
themecat-59,[Cu].[Al],279.85,0.6520118170394896
themecat-60,[Cu].[Al],259.85,0.6912586235635382
themecat-66,[Cu].[Al],279.85,0.6520118170394896
themecat-70,[Cu].[Al],279.85,0.6520118170394896
themecat-81,[Cu].[K].[Al],169.85000000000002,0.07003317477382166
themecat-82,[Cu].[K].[Al],199.85,0.08660744964660863
themecat-103,[Cu].[Ba].[Al],259.85,0.7135773847022239
themecat-124,[Ir].[In],239.85,0.4472135954999579
themecat-135,[In].[Fe],249.85,0.34641016151377546
themecat-143,[In].[Fe],249.85,0.34641016151377546
themecat-163,[In].[Fe],259.85,0.34641016151377546
themecat-186,[In].[Al],249.85,0.4307365498563782
themecat-195,[In].[Al],249.85,0.4307365498563782
themecat-205,[In].[Zr],279.85,0.4472135954999579
themecat-206,[In].[Zr],249.85,0.4472135954999579
themecat-210,[In].[Zr],249.85,0.4472135954999579
themecat-214,[In].[Zr],279.85,0.4472135954999579
themecat-265,[Pd].[Zr],249.85,1.0
themecat-267,[Pd].[Cr],249.85,0.7071067811865476
themecat-281,[Cu].[Zr],239.85,0.7526777433433686
themecat-283,[Cu].[Zr],279.85,0.6914792648039845
themecat-295,[Cu].[Zr].[La],279.85,0.6245046914687051
themecat-297,[Cu].[Zr].[La],199.85,0.7749252168420807
themecat-306,[Ir].[Pd].[In],249.85,0.5848035476425733
themecat-331,[Pd].[Pt].[In],279.85,0.5833330858668284
themecat-336,[Pd].[In],279.85,0.4455279090566835
themecat-357,[In].[Zr],249.85,0.4472135954999579
themecat-358,[In],249.85,0.2
themecat-361,[In].[Co],269.85,0.39461878047104204
themecat-367,[In].[Co].[K],284.85,0.05320762089589528
themecat-374,[Cu].[Zn].[Al],239.85,0.6482589708177671
themecat-376,[Cu].[Pd].[Ti].[Zr],249.85,0.8589843655929825
themecat-395,[Cu].[Mg].[Ti],219.85,0.8366795758430392
themecat-401,[Cu].[Zn].[Zr],239.85,0.6616450477378913
themecat-404,[Cu].[Zn].[Zr],239.85,0.6616450477378913
themecat-406,[Cu].[Zn].[Zr],239.85,0.6616450477378913
themecat-424,[Pd].[Zn].[Zr].[Ca],219.85,0.7480400640026362
themecat-430,[Pd].[Mg].[Al],249.85,0.9485653281557757
themecat-441,[Au].[In],274.85,0.306817493665499
themecat-458,[In],299.85,0.2
themecat-462,[In],274.85,0.2
themecat-464,[Pd].[In],199.85,0.4472135954999579
themecat-465,[Pd].[In],224.85,0.4472135954999579
themecat-468,[Pd].[In],299.85,0.4380990137819919
themecat-475,[In],224.85,0.2
themecat-486,[In].[Si].[Al],319.85,0.5212769340998148
themecat-487,[In].[Si].[Al],369.85,0.4891310286176564
themecat-494,[Co].[C].[Si],269.85,0.7138491289926423
themecat-507,[Pd].[Zn].[Ce].[Ca],229.85,0.612500820815628
themecat-519,[Pd].[Zn].[Ce].[Ca],249.85,0.5691000927931482
themecat-550,[In].[Ce],219.85,0.3209886413335658
themecat-554,[In].[Zr],239.85,0.4472135954999579
themecat-569,[Cu].[Ce].[Zr],249.85,0.6167447570960024
themecat-576,[Cu].[In],239.85,0.3366077198533824
themecat-591,[Cu].[In],259.85,0.3232131431390631
themecat-592,[Cu].[In],279.85,0.30923892822665744
themecat-614,[Zn].[Zr],259.85,0.6903838796300967
themecat-616,[Zn].[Zr],299.85,0.6382271020608037
themecat-630,[Zn].[Zr],379.85,0.5130402199866091
themecat-631,[Zn].[Zr],314.85,0.6175336497000523
themecat-652,[Zn].[Zr],319.85,0.6104799751677734
themecat-720,[Cu].[Zn].[Al],239.85,0.6482589708177671
themecat-742,[In].[Zn].[C],349.85,0.3177160781775887
themecat-743,[In].[Zn].[C],319.85,0.33402651972511105
themecat-744,[In].[Zn].[C],319.85,0.33402651972511105
themecat-746,[In].[C],319.85,0.31622776601683794
themecat-758,[In].[Zn].[C],229.85,0.3752980035569158
themecat-768,[In].[Cr],279.85,0.31622776601683794
themecat-773,[In].[Cr],299.85,0.31622776601683794
themecat-778,[In].[Cr],239.85,0.31622776601683794
themecat-786,[In].[Cr],239.85,0.31622776601683794
suvarna-28,[Cu].[Ce].[Ni],239.85,0.5925205216390355
suvarna-30,[In].[Pt],299.85,0.4472135954999579
suvarna-56,[Cu].[Zn].[Zr].[Ce],229.85,0.6239366598937294
suvarna-75,[In].[Ce].[Cu],299.85,0.4361851783821529
suvarna-89,[In].[Ag],299.85,0.24820083329510587
suvarna-96,[Cu].[Zn].[Zr].[Al],239.85,0.7224559988414596
suvarna-114,[Cu].[Zn].[Zr].[La],229.85,0.6667375898383058
suvarna-115,[Cu].[Zn].[Zr].[Ce],229.85,0.6239366598937294
suvarna-122,[Cu].[Zr].[In],259.85,0.47096938283620526
suvarna-155,[Cu].[Zn].[Pd],299.85,0.5535659913642398
suvarna-159,[Cu].[Zn].[Zr].[S],249.85,0.6055491084352511
suvarna-161,[Cu].[Zn].[Ga],299.85,0.05612175144569137
suvarna-167,[Cu].[Zn].[Si].[Ga],209.85,0.1374021250446251
suvarna-178,[Cu].[Zr].[In],259.85,0.47096938283620526
suvarna-180,[In].[Pt],299.85,0.4472135954999579
suvarna-183,[Cu].[Zn].[Ce].[Ti],259.85,0.562739132544463
suvarna-186,[In].[Ni],279.85,0.3846896295861264
suvarna-187,[In].[Pd],279.85,0.4455279090566835
suvarna-190,[Cu].[Zn],239.85,0.5381924479924943
suvarna-199,[Cu].[Ce].[In],209.85,0.4096720723205072
suvarna-208,[Cu].[Zn].[Zr].[Ga],209.85,0.1374021250446251
suvarna-212,[In].[Zr].[Y],284.85,0.5787931795698797
suvarna-226,[Cu].[Zn].[Al],239.85,0.6482589708177671
suvarna-230,[In].[Pd],249.85,0.4472135954999579
suvarna-234,[Cu].[Zn].[Ga],249.85,0.06454696461391465
suvarna-256,[Cu].[Ce],299.85,0.6441564478766886
suvarna-257,[Cu].[Zn],259.85,0.49895876590765476
suvarna-291,[In],274.85,0.2
suvarna-296,[In].[Al],324.85,0.4077389908539567
suvarna-299,[Cu].[Zn].[Pd],289.85,0.5739088638258375
suvarna-305,[Cu].[Al].[Ce],239.85,0.6253601502801409
suvarna-311,[In],279.85,0.2
suvarna-317,[Cu].[Zn],219.85,0.5774119609349314
suvarna-319,[Cu].[Zn].[Zr],199.85,0.7244555466775741
suvarna-322,[Cu].[Zn].[Al],249.85,0.6295162937958496
suvarna-364,[Cu].[Zn].[Al],179.85000000000002,0.5759211668948204
suvarna-375,[Cu].[Zn].[Si],269.85,0.5987805367312121
suvarna-380,[Cu].[Zn],279.85,0.4597072869017098
suvarna-384,[Cu].[Zn].[Ce],239.85,0.5103785546178833
suvarna-386,[In].[Al],299.85,0.41554628490994927
suvarna-390,[Cu].[In],279.85,0.30923892822665744
suvarna-393,[Cu].[Zn],239.85,0.5381924479924943
suvarna-402,[Cu].[In],259.85,0.3232131431390631
suvarna-413,[In],249.85,0.2
suvarna-415,[Cu].[Zn].[Zr],239.85,0.6616450477378913
suvarna-418,[In].[Zr],254.85,0.4472135954999579
suvarna-425,[Cu].[Zn].[Ga],269.85,0.06124816441281732
suvarna-438,[Cu].[Al],279.85,0.6520118170394896
suvarna-451,[In],299.85,0.2
suvarna-453,[In],299.85,0.2
suvarna-468,[Cu].[In],239.85,0.3366077198533824
suvarna-469,[Cu].[Zn].[Zr].[Al],199.85,0.7836656909049556
suvarna-473,[In],299.85,0.2
suvarna-505,[Cu].[Zn].[Zr],199.85,0.7244555466775741
suvarna-513,[In],299.85,0.2
suvarna-541,[Cu].[Zn].[Zr].[Mg],219.85,0.7519739812863862
suvarna-565,[Cu].[Si],379.85,0.43589648394287217
suvarna-570,[Cu].[Zn].[Zr],219.85,0.6934106654022397
suvarna-584,[Cu].[Zr].[C],259.85,0.6392037948237131
suvarna-599,[Cu].[C].[In],279.85,0.36295499234645956
suvarna-603,[Cu].[Zn].[Zr],239.85,0.6616450477378913
suvarna-605,[Cu].[Al],259.85,0.6912586235635382
suvarna-621,[Cu].[Al],169.85000000000002,0.5860784080056772
suvarna-641,[In],329.85,0.2
suvarna-650,[Pd].[Ti],224.85,1.0
suvarna-700,[Cu].[Al],239.85,0.7299519580269197
suvarna-709,[Cu].[Al],239.85,0.7299519580269197
suvarna-729,[Cu].[Al].[Zn].[Zr].[Mn],249.85,0.6986187527071208
suvarna-759,[Cu].[Zn].[Zr],249.85,0.6454696461391465
suvarna-763,[Cu].[Zn].[Ti],199.85,0.7244555466775741
suvarna-788,[In].[Zr],359.85,0.4472135954999579
suvarna-801,[Cu].[Zn],219.85,0.5774119609349314
suvarna-807,[Cu].[Zn].[Al],229.85,0.6669240507363429
suvarna-808,[Cu].[Al].[Ba],229.85,0.7645581854705095
suvarna-812,[Cu].[Zn].[Zr].[Si],239.85,0.7313551562321455
suvarna-826,[Cu].[Zn],199.85,0.6166200083842535
suvarna-834,[Pd].[Zn],249.85,0.7028185527681714
suvarna-844,[Cu].[Zn].[Al],179.85000000000002,0.5759211668948204
suvarna-857,[Pd].[Zn],274.85,0.6713001385073887
suvarna-869,[Cu].[Zn].[Zr].[Si],259.85,0.6977666729507104
suvarna-871,[Cu].[Zn].[Al].[N],199.85,0.6589816702393027
suvarna-875,[Cu].[Zn].[Zr].[Mg],179.85000000000002,0.6548747364724866
suvarna-916,[In],239.85,0.2
suvarna-921,[Cu].[Zn].[Al],239.85,0.6482589708177671
suvarna-931,[In],239.85,0.2
suvarna-951,[Cu].[Zn].[Al],219.85,0.6855169605197161
suvarna-952,[Cu].[Ti].[Pd],249.85,0.8165454172341683
suvarna-954,[Cu].[Ce].[Pd],269.85,0.7911418800460719
suvarna-958,[Cu].[Al].[K],279.85,0.0751917705433955
suvarna-967,[In],239.85,0.2
suvarna-973,[Pd].[Si].[Cu],249.85,0.8082821009699772
suvarna-976,[Pd].[Si].[Cu],249.85,0.8082821009699772
suvarna-992,[Pd].[Zn],199.85,0.7619540684485925
suvarna-1046,[Cu].[Al].[K],199.85,0.08660744964660863
suvarna-1076,[Pd].[Ti].[Si],279.85,0.968945839504272
suvarna-1106,[Cu].[Zn],179.85000000000002,0.6558186467335128
suvarna-1107,[In],199.85,0.2
suvarna-1115,[Pd].[Si].[Cu].[Zn],274.85,0.672079772200308
suvarna-1120,[Cu].[Al],169.85000000000002,0.5860784080056772
suvarna-1122,[Pd].[Ti].[Si],239.85,0.9958930553254459
suvarna-1138,[Cu].[Si].[Zn],199.85,0.7244555466775741
suvarna-1142,[Zn].[Zr].[Ga],319.85,0.07196383214863987
suvarna-1143,[Zn].[Zr].[Ga],319.85,0.07196383214863987
suvarna-1146,[Zn].[Zr].[Ce],319.85,0.7033712633210247
suvarna-1152,[Zn].[Zr],299.85,0.6382271020608037
suvarna-1164,[Zn].[Zr],319.85,0.6104799751677734
suvarna-1167,[Zn].[Zr],319.85,0.6104799751677734
suvarna-1184,[Zn].[Zr],319.85,0.6104799751677734
suvarna-1189,[Zn].[Zr],199.85,0.7619540684485925
suvarna-1194,[Zn].[Zr],379.85,0.5130402199866091
suvarna-1195,[Zn].[Zr],199.85,0.7619540684485925
suvarna-1199,[Zn].[Zr],339.85,0.5814101532969296
suvarna-1206,[In],299.85,0.2
suvarna-1211,[In].[Pd],319.85,0.43054195382690336
suvarna-1215,[Zn].[Zr],279.85,0.6648171684974883
suvarna-1221,[Cu].[Zn].[Al],239.85,0.6482589708177671
suvarna-1225,[Cu].[Zn].[Al],239.85,0.6482589708177671
suvarna-1226,[Cu].[Zn].[Al],219.85,0.6855169605197161
suvarna-1227,[Cu].[Zn].[Al],239.85,0.6482589708177671
themecat-11,[Cu].[Zn].[Zr],239.85,0.6616450477378913
themecat-23,[Cu].[Zn].[Zr],239.85,0.6616450477378913
themecat-24,[Cu].[Zn].[Zr],159.85000000000002,0.7846219990977562
themecat-25,[Cu].[Zn].[Zr],179.85000000000002,0.7548416242531069
themecat-28,[Cu].[Zn].[Zr],179.85000000000002,0.7548416242531069
themecat-32,[Cu].[Zn].[Al],199.85,0.7225054235988737
themecat-33,[Cu].[Zn].[Al],159.85000000000002,0.6262303836689115
themecat-36,[Pd].[Zn],249.85,0.7028185527681714
themecat-41,[Pd].[Zn],249.85,0.7028185527681714
themecat-43,[Pd].[Zn],249.85,0.7028185527681714
themecat-57,[Cu].[Al],229.85,0.74911792275798
themecat-67,[Cu].[Al],169.85000000000002,0.5860784080056772
themecat-69,[Cu].[Al],169.85000000000002,0.5860784080056772
themecat-72,[Cu].[Al],259.85,0.6912586235635382
themecat-73,[Cu].[Al],199.85,0.805995978670958
themecat-84,[Cu].[K].[Al],259.85,0.07817964754083064
themecat-86,[Cu].[K].[Al],279.85,0.0751917705433955
themecat-87,[Cu].[K].[Al],169.85000000000002,0.07003317477382166
themecat-91,[Cu].[K].[Al],259.85,0.07817964754083064
themecat-93,[Cu].[K].[Al],279.85,0.0751917705433955
themecat-94,[Cu].[K].[Al],279.85,0.0751917705433955
themecat-98,[Cu].[Ba].[Al],279.85,0.6790080210279879
themecat-99,[Cu].[Ba].[Al],229.85,0.7645581854705095
themecat-106,[Cu].[Ba].[Al],259.85,0.7135773847022239
themecat-111,[Cu].[Ba].[Al],169.85000000000002,0.5032245084188132
themecat-115,[Ir].[In],299.85,0.4472135954999579
themecat-121,[Ir].[In],259.85,0.4472135954999579
themecat-123,[Ir].[In],259.85,0.4472135954999579
themecat-128,[In].[Fe],249.85,0.34641016151377546
themecat-129,[In].[Fe],249.85,0.34641016151377546
themecat-130,[In].[Fe],249.85,0.34641016151377546
themecat-136,[In].[Fe],249.85,0.34641016151377546
themecat-139,[In].[Fe],249.85,0.34641016151377546
themecat-146,[In].[Fe],249.85,0.34641016151377546
themecat-147,[In].[Fe],249.85,0.34641016151377546
themecat-149,[In].[Fe],249.85,0.34641016151377546
themecat-151,[In].[Fe],249.85,0.34641016151377546
themecat-160,[In].[Fe],249.85,0.34641016151377546
themecat-164,[In].[Fe],249.85,0.34641016151377546
themecat-166,[In].[Fe],219.85,0.34641016151377546
themecat-168,[In].[Al],324.85,0.4077389908539567
themecat-169,[In].[Al],349.85,0.3997792571191573
themecat-174,[In].[Al],324.85,0.4077389908539567
themecat-176,[In].[Al],349.85,0.3997792571191573
themecat-180,[In].[Al],324.85,0.4077389908539567
themecat-189,[In].[Al],274.85,0.4232095759104683
themecat-197,[In].[Al],249.85,0.4307365498563782
themecat-199,[In].[Zr],249.85,0.4472135954999579
themecat-201,[In].[Zr],279.85,0.4472135954999579
themecat-203,[In].[Zr],279.85,0.4472135954999579
themecat-207,[In].[Zr],279.85,0.4472135954999579
themecat-209,[In].[Zr],279.85,0.4472135954999579
themecat-212,[In],249.85,0.2
themecat-216,[In].[Zr],284.85,0.4472135954999579
themecat-221,[In].[Y].[Zr],284.85,0.5787931795698797
themecat-232,[In].[Y].[Zr],269.85,0.5837288380272326
themecat-234,[In].[Y].[Zr],299.85,0.5737718764582665
themecat-274,[Cu].[Zn].[Al].[Zr],249.85,0.7067327737560221
themecat-286,[Cu].[Zr].[La],239.85,0.7017407443366729
themecat-287,[Cu].[Zr].[La],259.85,0.663686505495172
themecat-303,[Ir].[In],249.85,0.4472135954999579
themecat-304,[Pd].[In],249.85,0.4472135954999579
themecat-305,[Pd].[In],249.85,0.4472135954999579
themecat-307,[Ir].[Pd].[In],249.85,0.5848035476425733
themecat-311,[Ir].[Pd].[In],249.85,0.5848035476425733
themecat-316,[Ir].[Pd].[In],249.85,0.5848035476425733
themecat-317,[Ir].[Pd].[In],249.85,0.5848035476425733
themecat-320,[Ir].[Pd].[In],249.85,0.5848035476425733
themecat-321,[Ir].[Pd].[In],249.85,0.5848035476425733
themecat-326,[Ir].[Pd].[In],299.85,0.5768304574695148
themecat-327,[Pd].[Pt].[In],299.85,0.5768304574695148
themecat-337,[Pt].[In],279.85,0.4472135954999579
themecat-344,[Pd].[Pt].[In],239.85,0.5848035476425733
themecat-353,[La].[Cu].[O],249.85,0.5419756483848284
themecat-354,[La].[Cu].[O],249.85,0.5419756483848284
themecat-359,[In].[Co],239.85,0.4
themecat-365,[In].[Co].[K],254.85,0.054288352331898146
themecat-370,[Cu].[Zn].[Al],239.85,0.6482589708177671
themecat-371,[Cu].[Zn].[Al],239.85,0.6482589708177671
themecat-398,[Cu].[Mg].[Ti],239.85,0.8085498908234902
themecat-400,[Cu].[Zn].[Zr],239.85,0.6616450477378913
themecat-403,[Cu].[Zn].[Zr],239.85,0.6616450477378913
themecat-407,[Cu].[Zn].[Zr],239.85,0.6616450477378913
themecat-413,[Pd].[Zn].[Ce].[Ca],229.85,0.612500820815628
themecat-417,[Pd].[Zn].[Zr],219.85,0.8172932607056904
themecat-418,[Pd].[Zn].[Zr],249.85,0.7904883580456605
themecat-428,[Pd].[Zn].[Zr].[Ca],249.85,0.7024166799646434
themecat-453,[In],299.85,0.2
themecat-459,[In],199.85,0.2
themecat-460,[In],224.85,0.2
themecat-463,[Pd].[In],299.85,0.4380990137819919
themecat-474,[In],199.85,0.2
themecat-478,[In],299.85,0.2
themecat-480,[In],339.85,0.2
themecat-485,[In],399.85,0.2
themecat-499,[Pd].[Zn].[Ce],249.85,0.5970636048898127
themecat-500,[Pd].[Zn].[Ce],269.85,0.7689462271347091
themecat-510,[Pd].[Zn].[Ce].[Ca],229.85,0.612500820815628
themecat-518,[Pd].[Zn].[Ce].[Ca],219.85,0.6337415650832869
themecat-548,[In].[Ce],299.85,0.43730533389861576
themecat-558,[In],299.85,0.2
themecat-559,[In],279.85,0.2
themecat-560,[In],219.85,0.2
themecat-564,[Zr],279.85,1.0
themecat-575,[Cu].[In],219.85,0.349489310611861
themecat-587,[Cu].[In],259.85,0.3232131431390631
themecat-593,[Cu].[In],219.85,0.349489310611861
themecat-594,[Cu].[In],239.85,0.3366077198533824
themecat-597,[Cu].[Zn],249.85,0.5185775790629679
themecat-601,[Cu].[Zn],269.85,0.47933552422493925
themecat-605,[Pd].[Zn].[Al],249.85,0.7709507401660151
themecat-606,[Pd].[Zn].[Al],249.85,0.7709507401660151
themecat-609,[Pd].[Zn],249.85,0.7028185527681714
themecat-610,[Zn].[Zr],299.85,0.6382271020608037
themecat-612,[Zn].[Zr],219.85,0.7388680319930455
themecat-634,[Zn].[Zr],329.85,0.5961222888122891
themecat-641,[Zn].[Zr],329.85,0.5961222888122891
themecat-644,[Zn].[Zr],299.85,0.6382271020608037
themecat-648,[Zn].[Zr],319.85,0.6104799751677734
themecat-649,[Zn].[Zr],319.85,0.6104799751677734
themecat-650,[Zn].[Zr],319.85,0.6104799751677734
themecat-656,[Zn].[Zr],319.85,0.6104799751677734
themecat-657,[Zn].[Zr],319.85,0.6104799751677734
themecat-661,[Cu].[Zr],219.85,0.7814818559376598
themecat-703,[Cu].[Zn].[Al],249.85,0.6295162937958496
themecat-709,[Cu].[Zn].[Al],229.85,0.6669240507363429
themecat-714,[Cu].[Zn].[Al],239.85,0.6482589708177671
themecat-719,[Cu].[Zn].[Al],239.85,0.6482589708177671
themecat-723,[Cd].[Zr].[Zn],339.85,0.5528980724828512
themecat-725,[Cd].[Zr].[Zn],319.85,0.5711773142820692
themecat-731,[Cd].[Zr].[Zn],279.85,0.6045860919243312
themecat-745,[In].[Zn].[C],349.85,0.3177160781775887
themecat-749,[In].[Zn].[C],289.85,0.34888292848825386
themecat-759,[In].[C],229.85,0.31622776601683794
themecat-761,[In].[Zn].[C],229.85,0.3752980035569158
themecat-770,[In].[Cr],239.85,0.31622776601683794
themecat-782,[In].[Cr],239.85,0.31622776601683794
themecat-783,[In].[Cr],259.85,0.31622776601683794
themecat-787,[In].[Cr],259.85,0.31622776601683794
themecat-811,[Cu].[Zn].[Al],239.85,0.6482589708177671
themecat-816,[Cu].[Zn].[Al],219.85,0.6855169605197161
suvarna-2,[Cu].[Zn].[S].[Mn],179.85000000000002,0.6440311569617181
suvarna-3,[In].[Fe].[Ni].[Ca],324.85,0.5039220933290292
suvarna-7,[In].[Fe].[Ni].[Ca],324.85,0.5039220933290292
suvarna-15,[In].[Fe].[Ni].[Ca],324.85,0.5039220933290292
suvarna-18,[In].[Fe].[Ni].[Ca],324.85,0.5039220933290292
suvarna-20,[In].[Fe].[Ni].[Ca],324.85,0.5039220933290292
suvarna-22,[Cu].[Ce],249.85,0.48434876801373133
suvarna-23,[Cu].[Zn].[S],259.85,0.49930560278885905
suvarna-27,[In].[Fe].[Ni].[Ca],324.85,0.5039220933290292
suvarna-37,[In].[Pt],299.85,0.4472135954999579
suvarna-38,[Cu].[Zn].[Zr].[Ga],249.85,0.12805804517229774
suvarna-43,[In].[Pd],279.85,0.4455279090566835
suvarna-44,[In].[Pd],279.85,0.4455279090566835
suvarna-51,[In].[Pt],299.85,0.4472135954999579
suvarna-53,[Cu].[Zn].[Al],249.85,0.6295162937958496
suvarna-55,[In].[Ru],299.85,0.4472135954999579
suvarna-58,[Cu].[Zn],239.85,0.5381924479924943
suvarna-62,[In].[Zr].[Ni].[Ca],299.85,0.6102536669097423
suvarna-65,[In].[Pt],299.85,0.4472135954999579
suvarna-66,[Cu].[Zn],229.85,0.5578037887860974
suvarna-67,[Cu].[Zn].[Al].[Y],249.85,0.7067327737560221
suvarna-70,[Cu].[Zn].[Al].[Y],229.85,0.7380015678810234
suvarna-79,[Cu].[Zn].[Zr],279.85,0.5956451253149062
suvarna-85,[Pd].[Ti].[Si],399.85,0.7835190425249849
suvarna-88,[Cu].[Zn].[Zr].[Ga],249.85,0.12805804517229774
suvarna-90,[In].[Pd],279.85,0.4455279090566835
suvarna-91,[Cu].[Zn].[Zr],259.85,0.6290856392841319
suvarna-92,[Cu].[Zn].[Zr],229.85,0.6776222220433463
suvarna-94,[Cu].[Zn].[Al].[Ce],249.85,0.5725970048785805
suvarna-95,[Cu].[Zn].[Al].[La],249.85,0.6180339057354945
suvarna-97,[Cu].[Zn].[Zr],259.85,0.6290856392841319
suvarna-100,[In].[Zr].[Y],299.85,0.5737718764582665
suvarna-104,[Cu].[Zn].[Zr].[Al],239.85,0.7224559988414596
suvarna-109,[In].[Zr].[Ni].[Ca],299.85,0.6102536669097423
suvarna-120,[In].[Zr],284.85,0.4472135954999579
suvarna-123,[Cu].[Zn],239.85,0.5381924479924943
suvarna-131,[In].[Ni],279.85,0.3846896295861264
suvarna-133,[Cu].[Zn].[Al].[Y],229.85,0.7380015678810234
suvarna-137,[Cu].[Zn].[Zr],279.85,0.5956451253149062
suvarna-138,[Cu].[Zn].[Ga],259.85,0.0629085639284132
suvarna-147,[In].[Ni],279.85,0.3846896295861264
suvarna-148,[Cu].[Zn].[Al].[Y],229.85,0.7380015678810234
suvarna-153,[Cu].[Zn].[Zr].[Ce],229.85,0.6239366598937294
suvarna-156,[In].[Ir],299.85,0.4472135954999579
suvarna-160,[Cu].[Zn].[Zr].[Ga],299.85,0.11530507218573732
suvarna-164,[In].[Ir],249.85,0.4472135954999579
suvarna-170,[Cu].[Zn].[Zr],239.85,0.6616450477378913
suvarna-173,[Cu].[Zn],229.85,0.5578037887860974
suvarna-174,[In].[Pt],249.85,0.4472135954999579
suvarna-176,[In],299.85,0.2
suvarna-177,[Cu].[Zn].[Al],249.85,0.6295162937958496
suvarna-182,[In].[Pt],299.85,0.4472135954999579
suvarna-196,[Cu].[C].[In],279.85,0.36295499234645956
suvarna-197,[Cu].[Zn],239.85,0.5381924479924943
suvarna-198,[In],319.85,0.2
suvarna-205,[In].[Zr],279.85,0.4472135954999579
suvarna-207,[In],299.85,0.2
suvarna-213,[In].[Ag],274.85,0.2715696800054838
suvarna-216,[In].[Zr],269.85,0.4472135954999579
suvarna-219,[In].[Ni],249.85,0.3979984645419851
suvarna-220,[Cu].[Zn].[Ga],269.85,0.06124816441281732
suvarna-237,[Cu].[Zr],239.85,0.7526777433433686
suvarna-239,[In].[Ce].[Cu],299.85,0.4361851783821529
suvarna-240,[Cu].[Ce].[In],209.85,0.4096720723205072
suvarna-242,[In].[Zr].[La],269.85,0.4746082935066484
suvarna-244,[Cu].[S].[La],259.85,0.5267683285000672
suvarna-252,[Cu].[Zn],239.85,0.5381924479924943
suvarna-255,[Cu].[Zn].[Zr].[Ce],219.85,0.6437692392996843
suvarna-260,[Cu].[Zr].[In],219.85,0.49616097011529386
suvarna-261,[Cu].[Si].[Zn].[Ga],249.85,0.1270848644116585
suvarna-264,[In],279.85,0.2
suvarna-266,[Cu].[Ce].[In],259.85,0.347823611028345
suvarna-292,[Cu].[Zn].[Pd],219.85,0.6934106654022397
suvarna-295,[Cu].[Ce],279.85,0.68405848742363
suvarna-308,[In].[Al],349.85,0.3997792571191573
suvarna-310,[Cu].[Zn].[Ce].[P],279.85,0.567074648315944
suvarna-321,[In].[Ni],279.85,0.3846896295861264
suvarna-323,[Cu].[Zn].[Pd],289.85,0.5739088638258375
suvarna-325,[In].[Pt],259.85,0.4472135954999579
suvarna-328,[Cu].[Zn],239.85,0.5381924479924943
suvarna-331,[Cu].[Zn].[Zr],219.85,0.6934106654022397
suvarna-341,[Cu].[Zn].[Al],249.85,0.6295162937958496
suvarna-348,[Cu].[C].[In],279.85,0.36295499234645956
suvarna-353,[Cu].[In],259.85,0.3232131431390631
suvarna-354,[Cu].[C].[In],259.85,0.37380864687950294
suvarna-355,[Cu].[Zn].[Zr],239.85,0.6616450477378913
suvarna-356,[Cu].[Zn].[Zr],219.85,0.6934106654022397
suvarna-359,[In].[Al],324.85,0.4077389908539567
suvarna-365,[Cu].[Zn].[S],249.85,0.5123095976474114
suvarna-370,[Cu].[Zn].[Zr].[Al],219.85,0.753379247790234
suvarna-373,[Cu].[Zn].[Al].[Zr],249.85,0.7067327737560221
suvarna-382,[Cu].[C].[In],279.85,0.36295499234645956
suvarna-392,[Cu].[Zn].[Pd],269.85,0.6124816441281732
suvarna-394,[Cu].[Zn].[Si],259.85,0.6188902347706374
suvarna-395,[Cu].[Si].[Zn],259.85,0.6188902347706374
suvarna-399,[Cu].[Zn].[Ga],269.85,0.06124816441281732
suvarna-400,[Cu].[Zn].[Zr].[Ce],219.85,0.6437692392996843
suvarna-405,[Cu].[Al].[Ce],239.85,0.6253601502801409
suvarna-407,[Cu].[Si],339.85,0.5290364012579124
suvarna-422,[Cu].[Si].[Zn],249.85,0.6389375908334541
suvarna-426,[Cu].[C].[In],279.85,0.36295499234645956
suvarna-429,[Cu].[Zn].[Ga],259.85,0.0629085639284132
suvarna-431,[Cu].[Zn].[Al].[Y],229.85,0.7380015678810234
suvarna-432,[In],299.85,0.2
suvarna-440,[Cu].[Zn].[Ga],259.85,0.0629085639284132
suvarna-441,[Cu].[Ce],239.85,0.5099294578940695
suvarna-443,[In],299.85,0.2
suvarna-450,[Cu].[Zr],279.85,0.6914792648039845
suvarna-455,[Cu].[Zn].[Pd],249.85,0.6454696461391465
suvarna-459,[Cu].[Si],359.85,0.4830848371062507
suvarna-460,[In],299.85,0.2
suvarna-464,[Cu].[Zn].[Si].[Ga],259.85,0.12408241075196112
suvarna-486,[Pd].[Ce].[Zn],249.826401602779,0.5971106921891443
suvarna-489,[Pd].[Ce].[Zn],239.85,0.616812313341858
suvarna-492,[In],249.85,0.2
suvarna-494,[Cu].[Zr].[C].[N],259.85,0.6011349928594719
suvarna-495,[Cu].[Zn].[Ga],249.85,0.06454696461391465
suvarna-496,[Cu].[In],239.85,0.3366077198533824
suvarna-503,[Pd].[Ce].[Zn],250.02183827267103,0.5967206544839851
suvarna-504,[In],299.85,0.2
suvarna-507,[Pd].[Zn].[Al],249.85,0.7709507401660151
suvarna-509,[Pd].[Ti],249.85,1.0
suvarna-529,[In],329.85,0.2
suvarna-538,[Cu].[Zn].[Al].[Pd],159.85000000000002,0.7039642446823837
suvarna-539,[In],299.85,0.2
suvarna-540,[Pd].[Ce].[Zn],229.800745977455,0.6362685149893226
suvarna-560,[Cu].[Zn].[Si],259.85,0.6188902347706374
suvarna-566,[Cu].[C].[In],239.85,0.3840661654750131
suvarna-572,[Cu].[Ce],219.85,0.5609104948695292
suvarna-577,[Pd].[Ce].[Zn],269.710705748691,0.7691213992817153
suvarna-581,[Cu].[Zn].[Si],249.85,0.6389375908334541
suvarna-585,[Cu].[Zn].[Al].[Y],229.85,0.7380015678810234
suvarna-592,[Cu].[Zn].[Zr],229.85,0.6776222220433463
suvarna-600,[Pd].[Ti].[Si],359.85,0.8502150851786473
suvarna-601,[Pd].[Ce].[Zn].[Ca],229.85,0.612500820815628
suvarna-604,[In].[Zr],319.85,0.4472135954999579
suvarna-617,[In].[Si].[Ni].[Al],274.85,0.5935190041768288
suvarna-619,[Pd].[Ce].[Zn].[Ca],259.85,0.5468872274181868
suvarna-626,[Cu].[Zn].[Al].[Zr],189.85,0.6390414756409533
suvarna-633,[In].[Si].[Ni].[Al],259.85,0.6061016097671811
suvarna-634,[Cu].[Zn].[Zr].[Mo],239.85,0.7336160085443163
suvarna-638,[Cu].[Zn].[Zr].[Al],229.85,0.7380015678810234
suvarna-640,[Cu].[Al].[Ba],279.85,0.6790080210279879
suvarna-653,[Cu].[Zn],189.85,0.6362203949908186
suvarna-659,[Cu].[Zn].[Ga],269.85,0.06124816441281732
suvarna-661,[Cu].[Si].[Zn].[Ga],249.85,0.1270848644116585
suvarna-669,[Cu].[Zn].[Zr].[Ti],239.85,0.7336160085443163
suvarna-671,[Cu].[Zn].[Pd],249.85,0.6454696461391465
suvarna-680,[Cu].[Zn].[Zr],239.85,0.6616450477378913
suvarna-683,[In],339.85,0.2
suvarna-688,[Cu].[Zr].[C],239.85,0.6567439048946244
suvarna-693,[Cu].[Zn].[Zr],239.85,0.6616450477378913
suvarna-695,[Cu].[Zn].[Ga],249.85,0.06454696461391465
suvarna-705,[Cu].[Zn].[Al].[Y],229.85,0.7380015678810234
suvarna-706,[Cu].[Zn].[Zr].[Mn],179.85000000000002,0.7658864341423094
suvarna-708,[Cu].[Zn].[Al].[Zr],189.85,0.6390414756409533
suvarna-717,[Cu].[Zn].[Zr].[Al],229.85,0.7380015678810234
suvarna-722,[Cu].[Zn].[Zr],239.85,0.6616450477378913
suvarna-723,[Cu].[Zn].[Ga],259.85,0.0629085639284132
suvarna-726,[Cu].[Zn].[Ti],219.85,0.6934106654022397
suvarna-733,[Cu].[Zn].[Zr],219.85,0.6934106654022397
suvarna-735,[Cu].[Zn].[Al],199.85,0.7225054235988737
suvarna-738,[Cu].[Al],199.85,0.805995978670958
suvarna-743,[Cu].[Zn].[Zr],249.85,0.6454696461391465
suvarna-750,[Cu].[Al].[Ba],199.85,0.5672711408292255
suvarna-754,[Cu].[Zr].[C].[N],219.85,0.6250927354951663
suvarna-757,[Cu].[Si],259.85,0.7052284160249657
suvarna-758,[In],259.85,0.2
suvarna-760,[Cu].[Zn].[Ti],259.85,0.6290856392841319
suvarna-771,[Cu].[Zn].[Zr],259.85,0.6290856392841319
suvarna-773,[Cu].[Zr].[C],239.85,0.6567439048946244
suvarna-776,[Cu].[Zn].[Ga],249.85,0.06454696461391465
suvarna-784,[Cu].[Si],269.85,0.6836762732682174
suvarna-798,[Cu].[Al],229.85,0.74911792275798
suvarna-800,[In].[Pt],219.85,0.4472135954999579
suvarna-819,[In].[Al],279.85,0.42168805898951767
suvarna-824,[Cu].[Zn].[Ga],269.85,0.06124816441281732
suvarna-827,[In].[Al],249.85,0.4307365498563782
suvarna-840,[In],249.85,0.2
suvarna-848,[Pd].[Si].[Cu],249.85,0.8082821009699772
suvarna-849,[Cu].[Al].[Ba],259.85,0.7135773847022239
suvarna-851,[Cu].[Al],259.85,0.6912586235635382
suvarna-852,[Pd].[Zn].[C],249.85,0.6274110255651482
suvarna-853,[Cu].[Al].[Ba],279.85,0.6790080210279879
suvarna-861,[In],249.85,0.2
suvarna-862,[Cu].[Al],199.85,0.805995978670958
suvarna-863,[In],259.85,0.2
suvarna-864,[Cu].[Al].[Ba],259.85,0.7135773847022239
suvarna-866,[Cu].[Zn].[Ga],249.85,0.06454696461391465
suvarna-877,[Pd].[Si].[Cu],249.85,0.8082821009699772
suvarna-886,[Cu].[Zn].[Zr],239.85,0.6616450477378913
suvarna-891,[In].[Ir],199.85,0.4472135954999579
suvarna-893,[Pd].[Zn],224.85,0.7329829194942094
suvarna-901,[Pd].[Zn],239.85,0.7150370165083693
suvarna-907,[Cu].[Ce].[Pd],269.85,0.7911418800460719
suvarna-912,[In].[Ga],319.85,0.01414213562373095
suvarna-918,[In],399.85,0.2
suvarna-922,[Cu].[Zn].[Zr],239.85,0.6616450477378913
suvarna-926,[Pd].[Ce],239.85,0.677487095113216
suvarna-928,[In].[Zr],399.85,0.43617010546603907
suvarna-929,[Cu].[Ti].[Pd],249.85,0.8165454172341683
suvarna-933,[Pd].[Ce],239.85,0.677487095113216
suvarna-941,[In].[Ga],339.85,0.01414213562373095
suvarna-949,[Cu].[Al].[Zn].[Zr],249.85,0.7067327737560221
suvarna-966,[Cu].[Ce].[Pd],209.85,0.7005293896932635
suvarna-971,[In],339.85,0.2
suvarna-972,[Cu].[Ce].[Pd],229.85,0.6593931290881067
suvarna-986,[Pd].[Zn].[Al],179.85000000000002,0.6489100409162609
suvarna-987,[In].[Ga],339.85,0.01414213562373095
suvarna-989,[Pd].[Si].[Cu],249.85,0.8082821009699772
suvarna-1002,[Cu].[Ce],209.85,0.5863265229628454
suvarna-1004,[Pd].[Ce],239.85,0.677487095113216
suvarna-1011,[Cu].[Al].[Zn],249.85,0.6295162937958496
suvarna-1019,[In].[Zr].[Ni],249.85,0.5410710085883007
suvarna-1021,[Pd].[Zn],199.85,0.7619540684485925
suvarna-1028,[Pd].[Ce],239.85,0.677487095113216
suvarna-1035,[In].[Zr],199.85,0.4472135954999579
suvarna-1041,[Cu].[Al],249.85,0.7106687942906852
suvarna-1054,[Cu].[Zr],249.85,0.7378541403331786
suvarna-1064,[In].[Ce],249.85,0.2935639202642227
suvarna-1066,[Cu].[Al].[K],279.85,0.0751917705433955
suvarna-1069,[Pd].[Si].[Cu].[Zn],274.85,0.672079772200308
suvarna-1070,[Pd].[Ce],239.85,0.677487095113216
suvarna-1071,[In],199.85,0.2
suvarna-1072,[Pd].[Zn],174.85000000000002,0.789863307528885
suvarna-1085,[In],199.85,0.2
suvarna-1086,[Pd].[Si].[Zn],199.85,0.834230111320644
suvarna-1100,[Pd].[Si].[Zn],274.85,0.7471393041174992
suvarna-1104,[Pd].[Si].[Cu].[Zn],224.85,0.7533978035644974
suvarna-1108,[Cu].[Al].[K],169.85000000000002,0.07003317477382166
suvarna-1116,[Cu].[Zn],179.85000000000002,0.6558186467335128
suvarna-1128,[Pd].[S],359.85,0.6561966745224984
suvarna-1144,[Zn].[Zr].[Ga],319.85,0.07196383214863987
suvarna-1148,[Zn].[Zr].[In],319.85,0.4208470434247925
suvarna-1151,[Zn].[Zr],259.85,0.6903838796300967
suvarna-1153,[Zn].[Zr],339.85,0.5814101532969296
suvarna-1159,[Zn].[Zr].[Pd],339.85,0.6710721285070583
suvarna-1161,[Zn].[Zr],319.85,0.6104799751677734
suvarna-1166,[Zn].[Zr],319.85,0.6104799751677734
suvarna-1170,[Zn].[Zr].[Cu],289.85,0.5785622182236402
suvarna-1171,[Zn].[Zr].[Cu],319.85,0.5256717272046794
suvarna-1175,[Zn].[Zr].[Cu],259.85,0.6290856392841319
suvarna-1181,[Zn].[Zr].[Cu],289.85,0.5785622182236402
suvarna-1183,[Zn].[Zr].[Pt],289.85,0.7516454838950071
suvarna-1187,[Zn].[Zr].[Fe],319.85,0.5778279660920969
suvarna-1200,[Zn].[Zr],379.85,0.5130402199866091
suvarna-1203,[In],299.85,0.2
suvarna-1214,[Zn].[Zr],299.85,0.6382271020608037
suvarna-1228,[Cu].[Zn].[Al],239.85,0.6482589708177671
